name,stars,online order?,latitude ,longitude ,safety (numerically 1-10),reservations(Y/N),phone number,small images of the food,most popular dishes,review count,number of food items sold,hours open,price range ,delivery?,website links,Address,cusine ,chain,awards,dining style ,region of food,historical background,seating capacity,vegetarian options,average wait time (minutes),parking ,wifi,google maps link,apple maps link,public transport availability ,
Mister Jiu's,4.5,No,37.7941,-122.4064,9,Yes,(415) 857-9688,https://www.theinfatuation.com/san-francisco/reviews/mister-jius,"Liberty Farms Roast Duck, Sea Urchin Cheong Fun, BBQ Pork Buns",152,52,Tue-Sat: 5:00 PM – 10:00 PM,$75-120,No,"https://www.misterjius.com, https://www.exploretock.com/misterjius/","28 Waverly Pl, San Francisco, CA 94108",Contemporary Chinese (Cantonese),No,1 Michelin Star,Fine Dining,Cantonese-Californian,Fine dining spot opened in 2016 by Chef Brandon Jew; occupies historic Chinatown building from 1880s,100,Yes,35,Street,No,https://www.google.com/maps/place/Mister+Jiu's,https://maps.apple.com/?q=Mister+Jiu's,High (Accessible via MUNI lines),Stable
China Live,4.5,Yes,37.7985,-122.4075,9,Yes,(415) 788-8188,"https://chinalivesf.com/wp-content/uploads/2020/10/CL-Dish-1.jpg, https://chinalivesf.com/wp-content/uploads/2020/10/CL-Dish-2.jpg","Peking Duck, Sheng Jian Bao, Dumplings",1887,52,Mon-Thu:12:00 PM–9:00 PM; Fri:12:00 PM–9:30 PM; Sat:4:00 PM–9:30 PM; Sun:4:00 PM–9:00 PM,$50-75,Yes,"https://chinalivesf.com, https://chinalivesf.com/menu/","644 Broadway, San Francisco, CA 94133","Chinese, Asian, Sichuan",No,"Time Magazine's ""World's Greatest Places,"" Eater SF ""Restaurant of the Year""",Casual Dining,Various regions of China,"Opened in 2017 by Chef George Chen, 30,000 sqft culinary complex showcasing diverse Chinese cuisine",120,Yes,30,Street and nearby public garages,No,https://www.google.com/maps/place/China+Live,https://maps.apple.com/?q=China+Live,High (Accessible via MUNI lines),
Eight Tables by George Chen,4,No,37.7974,-122.4081,8,Yes,(415) 788-8788,https://eighttables.com/gallery/,"Peking Duck, Foie Gras Dumplings, Seasonal Tasting Menu",100,52,Tue–Sat: 5:30 PM – 9:00 PM,$75-120,No,https://eighttables.com/,"8 Kenneth Rexroth Pl, San Francisco, CA 94133","Chinese, Californian, Cantonese",No,"World's Best Restaurant Selection by La Liste; ""World's Greatest Places 2018"" by TIME Magazine",Fine Dining,Chinese (Si Fang Cai - Private Chateau Cuisine),Opened in 2017 by Chef George Chen; inspired by Qing dynasty's private chateau cuisine; part of the China Live complex,40,Accommodations available with advance notice,20,Street parking and nearby public garages,No,https://www.google.com/maps/place/Eight+Tables+by+George+Chen/,https://maps.apple.com/?q=Eight+Tables+by+George+Chen,Accessible via MUNI lines; located in Chinatown,Consistently popular; reservations required
R&G Lounge,4,Yes,37.7948,-122.4059,8,Yes,(415) 982-7877,https://www.rnglounge.com/gallery,"Salt & Pepper Crab, Peking Duck, Honey Walnut Prawns",1749,52,Mon–Thu: 11:00 AM–9:00 PM; Fri-Sat: 11:00 AM – 9:30 PM; Sun: 11:00 AM – 9:00 PM,$40-50,Yes,https://www.rnglounge.com,"631 Kearny St, San Francisco, CA 94108","Chinese, Seafood, Cantonese",No,NaN,Casual Dining,Cantonese,"Established 1985, famous for authentic Cantonese seafood and popular with locals and tourists.",200,Yes,20,Street & Validated Garage (Portsmouth Square Garage),No,https://www.google.com/maps/place/R%26G+Lounge,https://maps.apple.com/?q=R%26G+Lounge,Accessible via MUNI lines,Consistently Popular
Good Mong Kok Bakery,4.5,No,37.7963,-122.4078,8,No,(415) 397-2688,https://www.yelp.com/biz_photos/good-mong-kok-bakery-san-francisco,"Baked BBQ Pork Buns, Shrimp Dumplings (Har Gow), Pork Siu Mai","4,200",50,Mon–Sun: 7:00 AM – 6:00 PM,$3-8,No,https://www.goodmongkok.com,"1039 Stockton St, San Francisco, CA 94108","Cantonese, Bakery",No,NaN,Takeout Only,Cantonese,"Established in the heart of Chinatown, renowned for authentic dim sum offerings; cash-only establishment",200,Yes,15,Street parking available,No,https://www.google.com/maps/place/Good+Mong+Kok+Bakery/,https://maps.apple.com/?q=Good+Mong+Kok+Bakery,Accessible via MUNI lines; located in Chinatown,Consistently popular; lines common
Z & Y Restaurant,4,Yes,37.795,-122.406,8,Yes,(415) 981-8988,https://www.zandyrestaurant.com/gallery/,"Peking Roast Duck, Tea-Smoked Sliced Duck, Ma Po Tofu with Pork","1,200",150,"Mon, Wed–Sun: 11:30 AM – 3:00 PM, 4:30 PM – 9:00 PM; Tue: Closed",$25-35,Yes,https://www.zandyrestaurant.com/,"655 Jackson St, San Francisco, CA 94133","Chinese, Sichuan",No,"Michelin Bib Gourmand, Zagat-rated, S.F. Chronicle Top 100 Bay Area Restaurant",Casual Dining,Sichuan,"Established in 2008 by Chef Han, former executive chef at the Chinese Consulate-General in San Francisco; recognized for authentic Sichuan cuisine",100,"Yes, available upon request",10,Street parking and nearby public garages; 5-minute walk from Portsmouth Square Garage,No,https://www.google.com/maps/place/Z+%26+Y+Restaurant/,https://maps.apple.com/?q=Z+%26+Y+Restaurant,Accessible via MUNI lines; located in Chinatown,Consistently popular; reservations recommended
House of Nanking,4,Yes,37.7973,-122.4058,8,Yes,(415) 421-1429,https://www.houseofnankingsf.com/gallery/,"Nanking Sesame Chicken, Fried Onion Cakes, Garlic Fish","6,500",50,Mon–Fri: 11:00 AM – 9:00 PM; Sat–Sun: 12:00 PM – 9:00 PM,$15-20,Yes,https://www.houseofnankingsf.com/,"919 Kearny St, San Francisco, CA 94133","Chinese, Shanghainese",No,"Featured in Condé Nast Traveler, TIME Magazine",Casual Dining,Shanghainese,"Established in 1988 by Peter and Lily Fang; known for chef-selected dishes and long lines; now managed by their daughter, Chef Kathy Fang",50,"Yes, available upon request",10,Street parking and nearby public garages; limited availability,No,https://www.google.com/maps/place/House+of+Nanking/,https://maps.apple.com/?q=House+of+Nanking,Accessible via MUNI lines; located in Chinatown,Consistently popular; reservations recommended
Sam Wo Restaurant,4,Yes,37.7945,-122.4058,8,No,(415) 989-8898,https://samworestaurant.com/gallery,"Jook (rice porridge), BBQ Pork Rice Noodle Roll, Salt & Pepper Chicken Wings",1000,52,Mon–Sun: 11:00 AM – 8:30 PM,$10-20,Yes,https://samworestaurant.com,"713 Clay St, San Francisco, CA 94108","Chinese, Cantonese",No,NaN,Casual Dining,Cantonese,"Established in 1907, famous for late-night Cantonese comfort food and iconic history in Chinatown",50,Yes,15,Street parking and nearby public garages,No,https://www.google.com/maps/place/Sam+Wo+Restaurant/,https://maps.apple.com/?q=Sam+Wo+Restaurant,Accessible via MUNI lines,"Popular, historic local favorite"
Four Kings,4.5,No,37.7946,-122.4048,8,Yes,(415) 688-1500,https://www.itsfourkings.com/gallery/,"Fried Squab, Mapo Spaghetti, Chili Crisp Pig Head",243,30,Thu–Sat: 6:00 PM – 11:00 PM; Sun–Mon: 6:00 PM – 10:30 PM; Closed Tue–Wed,$50-75,No,https://www.itsfourkings.com/,"710 Commercial St, San Francisco, CA 94108","Cantonese, Chinese",No,Michelin Guide Recommended; Esquire's Restaurant of the Year 2024,Casual Dining,Cantonese,Established in 2024 by chefs Franky Ho and Mike Long; inspired by 90's Hong Kong culture and cuisine,50,"Yes, available upon request",25,Street parking available,No,https://www.google.com/maps/place/Four+Kings/,https://maps.apple.com/?q=Four+Kings,Accessible via MUNI lines; located in Chinatown,Consistently popular; reservations recommended
Chong Qing Xiao Mian,4,Yes,37.7964,-122.4054,8,No,(415) 983-0888,https://chongqingxiaomian-sf.com/gallery/,"Spicy Beef Noodle Soup, Dan Dan Noodles, Wonton with Spicy Chili Oil",1300,30,"Mon, Wed–Sun: 11:30 AM – 8:00 PM; Tue: Closed",$10-20,Yes,https://chongqingxiaomian-sf.com/,"915 Kearny St, San Francisco, CA 94133","Chinese, Sichuan",No,"Featured in The Infatuation's ""The Best Noodle Soups In SF""",Casual Dining,Sichuan,Known for authentic Sichuan noodle dishes; popular spot in Chinatown,30,"Yes, available upon request",25,Street parking available; nearby public garages,No,https://www.google.com/maps/place/Chong+Qing+Xiao+Mian/,https://maps.apple.com/?q=Chong+Qing+Xiao+Mian,Accessible via MUNI lines; located in Chinatown,Consistently popular; known for spicy noodle dishes
Golden Gate Bakery,4,No,37.7956,-122.4074,8,No,(415) 781-2627,https://www.yelp.com/biz_photos/golden-gate-bakery-san-francisco,"Famous Egg Custard Tarts, Mooncakes, Lotus Seed Pastries",1500,20,Mon–Sun: 8:00 AM – 8:00 PM,$10-20,No,NaN,"1029 Grant Ave, San Francisco, CA 94133",Chinese Bakery,No,Featured in Condé Nast Traveler for its renowned egg custard tarts,Takeout,Cantonese,Established in the 1970s; known for its elusive hours and highly sought-after pastries,50,"Yes, limited options",15,Street parking available; limited spaces,No,https://www.google.com/maps/place/Golden+Gate+Bakery/,https://maps.apple.com/?q=Golden+Gate+Bakery,Accessible via MUNI lines; located in Chinatown,Consistently popular; frequent lines; check current status before visiting
City View Restaurant,4,Yes,37.7942,-122.4058,8,Yes,(415) 398-2838,https://www.instagram.com/cityviewdimsum/,"Siu Mai, Steamed Pork Buns, Shrimp Dumplings",1500,50,"Tue–Wed: 11:00 AM – 2:00 PM; Thu–Fri: 11:00 AM – 2:00 PM, 5:00 PM – 8:00 PM; Sat–Sun: 10:30 AM – 2:30 PM, 5:00 PM – 8:00 PM; Mon: Closed",$25-40,No,https://www.cityviewdimsum.com/,"33 Walter U Lum Place, San Francisco, CA 94108","Chinese, Dim Sum",No,Featured in Eater SF's Guide to San Francisco's Chinatown,Casual Dining,Cantonese,Established decades ago; relocated from 662 Commercial St. to 33 Walter U Lum Place in 2023; known for traditional dim sum offerings,100,"Yes, available upon request",20,Street parking and nearby public garages; limited availability,No,https://www.google.com/maps/place/City+View+Restaurant/,https://maps.apple.com/?q=City+View+Restaurant,Accessible via MUNI lines; located in Chinatown,Consistently popular; reservations recommended
Empress by Boon,4.5,No,37.7952,-122.4078,8,Yes,(415) 757-0728,https://www.theempresssf.com/gallery.html,"Peking Duck, Iberico Ham Soup Dumplings, Roasted Crispy Chicken",500,18,Tue–Sat: 5:00 PM – 10:00 PM; Sun–Mon: Closed,$75-120,No,https://www.theempresssf.com/,"838 Grant Ave, San Francisco, CA 94108",Modern Cantonese,No,MICHELIN Plate 2022,Casual Elegant,Cantonese,Established in 2021 in the historic Empress of China banquet hall; offers modern Cantonese cuisine with seasonal ingredients,150,"Yes, available upon request",20,Public parking available at Portsmouth Square Plaza Garage; entrance at 733 Kearny Street,No,https://www.google.com/maps/place/Empress+by+Boon/,https://maps.apple.com/?q=Empress+by+Boon,Accessible via MUNI lines; located in Chinatown,Consistently popular; reservations recommended
Yuet Lee,4,No,37.7973,-122.407,8,Yes,(415) 982-6020,https://www.spotlightchinatown.com/yuet-lee,"Salt & Pepper Squid, Sautéed Clams with Black Bean Sauce, Peking Spare Ribs",800,50,"Mon, Wed–Thu: 11:00 AM – 11:00 PM; Fri–Sat: 11:00 AM – 3:00 AM; Sun: 11:00 AM – 11:00 PM; Tue: Closed",$15-25,No,NaN,"1300 Stockton St, San Francisco, CA 94133","Chinese, Cantonese Seafood",No,"Featured in The Infatuation's ""9 Great Old-School Chinese Restaurants In SF""",Casual Dining,Cantonese,Established in 1977; known for authentic Hong Kong-style seafood dishes; recognized as a Legacy Business by San Francisco Heritage,47,"Yes, available upon request",20,Street parking available; limited spaces,No,https://www.google.com/maps/place/Yuet+Lee/,https://maps.apple.com/?q=Yuet+Lee,Accessible via MUNI lines; located at the border of Chinatown and North Beach,Consistently popular; known for late-night dining
Bund Shanghai,4,No,37.7965,-122.4059,8,Yes,(415) 982-0618,https://www.yelp.com/biz_photos/bund-shanghai-san-francisco,"Xiao Long Bao (Soup Dumplings), Pan-Fried Pork Buns, Lion's Head Meatballs",800,50,Mon–Sun: 11:00 AM – 9:30 PM,$15-25,No,http://bundshanghaisf.com/,"640 Jackson St, San Francisco, CA 94133","Chinese, Shanghainese",No,"Featured in The Infatuation's ""The Best Restaurants In San Francisco’s Chinatown""",Casual Dining,Shanghainese,Established in 2008; known for traditional Shanghai cuisine and a variety of dumplings,60,"Yes, available upon request",25,Street parking available; limited spaces,No,https://www.google.com/maps/place/Bund+Shanghai/,https://maps.apple.com/?q=Bund+Shanghai,Accessible via MUNI lines; located in Chinatown,Consistently popular; reservations recommended
Taishan Restaurant,4,Yes,37.796,-122.4058,8,Yes,(415) 982-2844,https://www.ordertaishancuisine.com/gallery,"Shrimp Noodle Roll, Salty Egg Custard Buns, BBQ Pork",50,40,Mon–Sun: 11:00 AM – 10:00 PM,$15-25,Yes,https://www.ordertaishancuisine.com/,"622 Jackson St, San Francisco, CA 94133","Chinese, Cantonese",No,NaN,Casual Dining,Cantonese,Established in 2024; offers traditional Cantonese dishes with a focus on Taishanese cuisine,60,"Yes, available upon request",20,Street parking available; limited spaces,No,https://www.google.com/maps/place/Taishan+Restaurant/,https://maps.apple.com/?q=Taishan+Restaurant,Accessible via MUNI lines; located in Chinatown,Consistently popular; reservations recommended
Begoni Bistro,4,Yes,37.796,-122.4057,8,Yes,(415) 757-0120,https://www.begoni-bistro.com/gallery,"Steamed BBQ Pork Bun, Steamed Shrimp Dumpling, Pan Seared Pot Sticker",500,50,Mon–Sun: 10:00 AM – 9:00 PM,$15-25,Yes,https://www.begoni-bistro.com/,"615 Jackson St, San Francisco, CA 94133","Chinese, Dim Sum",No,NaN,Casual Dining,Cantonese,Established in 2014; offers traditional dim sum and Chinese dishes with a modern twist,80,"Yes, available upon request",20,Street parking available; limited spaces,No,https://www.google.com/maps/place/Begoni+Bistro/,https://maps.apple.com/?q=Begoni+Bistro,Accessible via MUNI lines; located in Chinatown,Consistently popular; reservations recommended
Capital Restaurant,4,No,37.7942,-122.4065,8,Yes,(415) 397-6269,https://www.yelp.com/biz_photos/capital-restaurant-san-francisco,"Fried Chicken Wings with Salt and Hot Pepper, Egg Tofu with Spicy Meat Sauce, Vinegar Sauce Spareribs",800,100,Tue–Sun: 11:00 AM – 8:00 PM; Mon: Closed,$15-25,No,NaN,"839 Clay St, San Francisco, CA 94108","Chinese, Cantonese",No,NaN,Casual Dining,Cantonese,Established around 1986; known for signature dishes like fried chicken wings; family-owned and operated,60,"Yes, available upon request",20,Street parking available; limited spaces,No,https://www.google.com/maps/place/Capital+Restaurant/,https://maps.apple.com/?q=Capital+Restaurant,Accessible via MUNI lines; located in Chinatown,Consistently popular; reservations recommended
Kam Po Kitchen,3.9,No,37.7975,-122.409,8,No,(415) 982-3516,https://www.yelp.com/biz_photos/kam-po-kitchen-san-francisco,"Roast Duck, Roast Pork, Barbecued Pork (Char Siu)",655,50,Mon–Sun: 8:00 AM – 7:30 PM,$10-20,No,https://kampokitchen.shop/,"801 Broadway, San Francisco, CA 94133","Chinese, Cantonese",No,NaN,Casual Dining,Cantonese,Known for authentic Cantonese barbecue dishes; a local favorite for affordable and hearty meals,40,"Yes, available upon request",15,Street parking available; limited spaces,No,https://www.google.com/maps/place/Kam+Po+Kitchen/,https://maps.apple.com/?q=Kam+Po+Kitchen,Accessible via MUNI lines; located in Chinatown,Consistently popular among locals; cash-only establishment
Far East Café,4,No,37.7937,-122.4058,8,Yes,(415) 982-3245,https://www.far-east-cafe.com/banquet.html,"Soy Sauce Chicken, Mongolian Beef, Minced Chicken and Corn Soup",615,50,Mon: 11:30 AM – 9:00 PM; Tue: Closed; Wed–Sun: 11:30 AM – 9:00 PM,$15-25,No,https://www.far-east-cafe.com/,"631 Grant Ave, San Francisco, CA 94108","Chinese, Cantonese",No,Recognized as a San Francisco Legacy Business in 2022,Casual Dining,Cantonese,"Established in 1920; the oldest and last remaining banquet-style Chinese restaurant in San Francisco; features original ornamentations imported from Canton in the 1910s; grand ballroom hosts receptions, special events, and business meetings",680,"Yes, available upon request",25,Street parking available; limited spaces,No,https://www.google.com/maps/place/Far+East+Café/,https://maps.apple.com/?q=Far+East+Café,Accessible via MUNI lines; located in Chinatown,Consistently popular; reservations recommended
New Golden Daisy,4,No,37.7955,-122.4071,8,No,(415) 392-0111,https://www.instagram.com/explore/locations/4327741/new-golden-daisy/,"Fried Chicken Drumettes, Fried Chicken Wings, BBQ Pork with Mixed Vegetables",282,50,Mon–Sun: 7:30 AM – 5:45 PM,$10-20,No,NaN,"1041 Stockton St, San Francisco, CA 94108","Chinese, Cantonese Deli",No,"Featured in Food Network's ""Where to Find the Crispiest Chicken Wings in San Francisco""",Takeout,Cantonese,Known for its fried chicken and traditional Cantonese deli offerings; a local favorite for quick and affordable meals,60,"Yes, limited options",15,Street parking available; limited spaces,No,https://www.google.com/maps/place/New+Golden+Daisy/,https://maps.apple.com/?q=New+Golden+Daisy,Accessible via MUNI lines; located in Chinatown,Consistently popular; known for crispy fried chicken
Hong Kong Clay Pot Restaurant,4,Yes,37.7955,-122.4073,8,No,(415) 989-2638,https://www.yelp.com/biz_photos/hong-kong-clay-pot-restaurant-san-francisco,"Clay Pot Rice with Chinese Sausage and Bacon, Honey Walnut Prawns, Salt and Pepper Pork Chop",500,100,"Mon–Tue, Thu–Sat: 11:00 AM – 3:00 PM; Sun: 11:30 AM – 3:00 PM; Closed on Wednesdays",$15-25,Yes,https://hongkongclaypottogo.com/,"960 Grant Ave, San Francisco, CA 94108","Chinese, Cantonese",No,NaN,Casual Dining,Cantonese,Known for authentic Cantonese clay pot dishes; a local favorite for traditional flavors,50,"Yes, available upon request",25,Street parking available; limited spaces,No,https://www.google.com/maps/place/Hong+Kong+Clay+Pot+Restaurant/,https://maps.apple.com/?q=Hong+Kong+Clay+Pot+Restaurant,Accessible via MUNI lines; located in Chinatown,Consistently popular; reservations recommended
Lai Hong Lounge,4,Yes,37.797,-122.4095,8,Yes,(415) 397-2290,https://www.instagram.com/laihonglounge/,"Shrimp Har Gow, Xiao Long Bao, Siu Mai",2700,50,"Mon–Sun: 10:00 AM–2:30 PM, 5:30 PM–8:30 PM",$15-35,Yes,https://www.laihonglounge.com/,"1416 Powell St, San Francisco, CA 94133","Chinese, Dim Sum",No,NaN,Casual Dining,Cantonese,Popular for traditional Cantonese dim sum in a banquet-style dining atmosphere; attracts locals and tourists alike,100,Yes,20,Street parking (limited),No,https://www.google.com/maps/place/Lai+Hong+Lounge,https://maps.apple.com/?q=Lai+Hong+Lounge,Accessible via MUNI lines,Consistently popular; reservations recommended
Osmanthus Dim Sum Lounge,4.4,Yes,37.7975,-122.405,8,Yes,(415) 872-9648,https://osmanthusdimsum.com/gallery.html,"Steamed Pork and Shrimp Siu Mai, Steamed BBQ Pork Bun, Chow Mein",34,50,Mon–Sun: 10:30 AM – 8:00 PM,$15-25,Yes,https://osmanthusdimsum.com/,"504 Broadway, San Francisco, CA 94133","Chinese, Dim Sum",No,NaN,Casual Dining,Cantonese,Offers a variety of handcrafted dim sum dishes; known for its modern ambiance and traditional flavors,80,"Yes, available upon request",20,Street parking available; limited spaces,No,https://www.google.com/maps/place/Osmanthus+Dim+Sum+Lounge/,https://maps.apple.com/?q=Osmanthus+Dim+Sum+Lounge,Accessible via MUNI lines; located near North Beach and Chinatown,Consistently popular; reservations recommended
Eastern Bakery,4.5,No,37.7941,-122.4078,8,No,(415) 433-7973,https://www.yelp.com/biz_photos/eastern-bakery-san-francisco,"Mooncakes, Coffee Crunch Cake, Lotus Paste Pastries",128,30,Mon–Sun: 9:30 AM – 8:30 PM,$10-20,No,https://www.easternbakery.com/,"720 Grant Ave, San Francisco, CA 94108","Chinese, Bakery",No,"Oldest Chinese bakery in San Francisco's Chinatown, established in 1924",Casual Bakery,Cantonese,Established in 1924; known for traditional Chinese pastries and as the oldest Chinese bakery in Chinatown,50,"Yes, limited options",5,Street parking available; limited spaces,No,https://www.google.com/maps/place/Eastern+Bakery/,https://maps.apple.com/?q=Eastern+Bakery,Accessible via MUNI lines; located in Chinatown,Consistently popular; known for traditional pastries
Delicious Dim Sum,4.5,No,37.7964,-122.4075,8,No,(415) 781-0721,https://www.instagram.com/explore/locations/237966557/delicious-dim-sum/,"Har Gow (Shrimp Dumplings), Shrimp and Chive Dumplings, Pork Shumai",92,30,Mon–Tue: 8:30 AM – 5:30 PM; Wed: Closed; Thu–Sun: 8:30 AM – 6:00 PM,$3-8,No,NaN,"752 Jackson St, San Francisco, CA 94133","Chinese, Dim Sum",No,Extolled by visitors as some of the best dim sum found outside of Hong Kong,Takeout,Cantonese,Known for authentic Cantonese dim sum offerings; popular among locals and tourists alike,60,"Yes, limited options",5,Street parking available; limited spaces,No,https://www.google.com/maps/place/Delicious+Dim+Sum/,https://maps.apple.com/?q=Delicious+Dim+Sum,Accessible via MUNI lines; located in Chinatown,Consistently popular; known for traditional dim sum
Dumpling Home,4.5,Yes,37.7765,-122.4213,9,Yes,(415) 503-1666,https://www.dumplinghome.com/gallery/,"Pork Xiao Long Bao, Crab and Pork Xiao Long Bao, Juicy Pork Buns",1200,50,"Lunch: 11:30 AM – 2:15 PM; Dinner: 5:00 PM – 8:15 PM (Sun–Thu), 5:00 PM – 8:45 PM (Fri–Sat)",$15-25,Yes,https://www.dumplinghome.com/,"298 Gough St, San Francisco, CA 94102","Chinese, Dumplings",No,Recognized in the Michelin Guide for exceptional soup dumplings,Casual Dining,Cantonese,Established in 2020; acclaimed for handcrafted soup dumplings and traditional Cantonese dishes,50,"Yes, available upon request",20,Street parking available; limited spaces,No,https://www.google.com/maps/place/Dumpling+Home/,https://maps.apple.com/?q=Dumpling+Home,Accessible via MUNI lines; located in Hayes Valley,Consistently popular; reservations recommended
Hing Lung Company (Go Duck Yourself),4.5,Yes,37.7879,-122.4186,8,No,(415) 397-5521,https://www.yelp.com/biz_photos/hing-lung-company-aka-go-duck-yourself-san-francisco-3,"Roast Duck, Crispy Pork Belly, Honey Glazed BBQ Pork",1200,20,Wed–Sun: 10:30 AM – 7:30 PM,$25-35,Yes,https://hing-lung-company-aka-go-duck-yourself.pops-cafe.com/,"927 Post St, San Francisco, CA 94109","Chinese, Cantonese BBQ",No,Recognized as one of San Francisco's premier Cantonese BBQ establishments,Casual Dining,Cantonese,Established over 40 years ago; relocated from Chinatown to Tenderloin in 2024 due to rent increases and building conditions,0,"Yes, limited options",10,Street parking available; limited spaces,No,https://www.google.com/maps/place/Hing+Lung+Company/,https://maps.apple.com/?q=Hing+Lung+Company,Accessible via MUNI lines; located in Tenderloin,Consistently popular; known for traditional Cantonese BBQ
Spicy King,4,Yes,37.7941,-122.4067,8,Yes,(415) 982-6868,https://www.spicykingca.com/,"Sichuan Spicy Boiled Fish, Chongqing Spicy Chicken, Dan Dan Noodles",481,100,Mon–Sun: 11:30 AM – 9:30 PM,$20-35,Yes,https://www.spicykingca.com/,"65 Waverly Place, San Francisco, CA 94108","Chinese, Sichuan",No,NaN,Casual Dining,Sichuan,Known for authentic Sichuan cuisine with a focus on Chongqing specialties; owned by a Gold Medalist of the 3rd National Cooking Competition,50,"Yes, available upon request",25,Street parking available; limited spaces,No,https://www.google.com/maps/place/Spicy+King/,https://maps.apple.com/?q=Spicy+King,Accessible via MUNI lines; located in Chinatown,Consistently popular; reservations recommended
Taishan Cuisine,4.5,Yes,37.7985,-122.409,8,Yes,(415) 788-2288,https://www.taishancuisine2288.com/gallery/,"Yellow Eel Claypot Rice, Taishan Roast Chicken, Chinese Cauliflower with Preserved Sausage",100,100,Mon–Sun: 11:00 AM – 3:00 PM; 5:00 PM – 3:00 AM,$20-35,Yes,https://www.taishancuisine2288.com/,"781 Broadway, San Francisco, CA 94133","Chinese, Taishanese",No,"Featured in KQED's ""The Midnight Diners"" series for late-night dining",Casual Dining,Taishanese,Established in 2020; specializes in traditional Taishanese cuisine with late-night hours,60,"Yes, available upon request",20,Street parking available; limited spaces,No,https://www.google.com/maps/place/Taishan+Cuisine/,https://maps.apple.com/?q=Taishan+Cuisine,Accessible via MUNI lines; located in Chinatown,Consistently popular; reservations recommended
Great Eastern Restaurant,4,Yes,37.7961,-122.4055,8,Yes,(415) 986-2500,https://www.greateasternsf.com/gallery/,"Cilantro Shrimp Dumplings, Deep-Fried Seaweed Roll with Fish, Peking Duck",1500,80,Mon–Fri: 10:00 AM – 9:00 PM; Sat–Sun: 9:00 AM – 9:00 PM,$15-25,Yes,https://www.greateasternsf.com/,"649 Jackson St, San Francisco, CA 94133","Chinese, Dim Sum",No,Visited by President Obama in 2012,Casual Dining,Cantonese,Established in 1981; known for traditional Cantonese cuisine and dim sum offerings,120,"Yes, available upon request",30,Street parking available; limited spaces,No,https://www.google.com/maps/place/Great+Eastern+Restaurant/,https://maps.apple.com/?q=Great+Eastern+Restaurant,Accessible via MUNI lines; located in Chinatown,Consistently popular; reservations recommended
Wong Lee Bakery,3.5,No,37.7954,-122.4075,8,No,(415) 986-3759,https://www.yelp.com/biz_photos/wong-lee-bakery-san-francisco,"Egg Tarts, BBQ Pork Buns, Sesame Balls",185,20,Mon–Fri: 7:00 AM – 7:00 PM; Sat–Sun: 7:00 AM – 6:30 PM,$3-8,No,NaN,"732 Jackson St, San Francisco, CA 94133","Chinese, Bakery",No,NaN,Takeout,Cantonese,Known for traditional Chinese pastries and dim sum items; a local favorite for quick snacks,0,"Yes, limited options",5,Street parking available; limited spaces,No,https://www.google.com/maps/place/Wong+Lee+Bakery/,https://maps.apple.com/?q=Wong+Lee+Bakery,Accessible via MUNI lines; located in Chinatown,Consistently popular; known for traditional pastries
New Fortune Restaurant,4,Yes,37.7939,-122.407,8,No,(415) 658-7306,https://www.yelp.com/biz_photos/new-fortune-restaurant-san-francisco,"Shrimp Dumplings, BBQ Pork Buns, Rice Noodle Rolls",100,50,Tue–Sat: 10:00 AM – 7:00 PM; Sun–Mon: Closed,$10-15,Yes,https://newfortunetogo.com/,"815 Stockton St, San Francisco, CA 94108","Chinese, Dim Sum",No,NaN,Casual Dining,Cantonese,Known for traditional Cantonese dim sum offerings in a casual setting; popular among locals for affordable prices,30,"Yes, available upon request",10,Street parking available; limited spaces,No,https://www.google.com/maps/place/New+Fortune+Restaurant/,https://maps.apple.com/?q=New+Fortune+Restaurant,Accessible via MUNI lines; located in Chinatown,Consistently popular; reservations recommended
Chinatown Restaurant,3,Yes,37.7955,-122.4057,7,Yes,(415) 392-7958,https://www.chinatownrestaurantsf.com/our-menu/,"Peking Duck, Kung Pao Chicken, Dim Sum",200,50,Mon–Sun: 11:00 AM – 9:00 PM,$20-35,Yes,https://www.chinatownrestaurantsf.com/,"744 Washington St, San Francisco, CA 94108","Chinese, Cantonese",No,NaN,Casual Dining,Cantonese,"Established in 1919; located in the heart of Chinatown, offering traditional Northern and Southern Chinese cuisine",80,"Yes, available upon request",15,Street parking available; limited spaces,No,https://www.google.com/maps/place/Chinatown+Restaurant/,https://maps.apple.com/?q=Chinatown+Restaurant,Accessible via MUNI lines; located in Chinatown,Popular among tourists; mixed reviews from locals
Z & Y Peking Duck,4.5,Yes,37.796,-122.4055,9,Yes,(415) 986-1899,https://www.zandypekingduck.com/gallery/,"Peking Duck, Royal Style Grilled Lamb, Crab and Pork Xiao Long Bao",500,60,Thu–Tue: 11:30 AM – 3:30 PM; 4:30 PM – 9:30 PM; Closed on Wednesdays,$45-60,Yes,https://www.zandypekingduck.com/,"606 Jackson St, San Francisco, CA 94133","Chinese, Peking Duck Specialty",No,Recognized among USA Today's 10 Best New Restaurants of 2025,Casual Dining,Beijing Cuisine,Opened in late 2023; renowned for authentic Peking Duck carved tableside; sister restaurant to Michelin Bib Gourmand-awarded Z & Y Restaurant,80,"Yes, available upon request",20,Street parking available; limited spaces,No,https://www.google.com/maps/place/Z+%26+Y+Peking+Duck/,https://maps.apple.com/?q=Z+%26+Y+Peking+Duck,Accessible via MUNI lines; located in Chinatown,Consistently popular; reservations highly recommended
AA Bakery & Cafe,4,No,37.795,-122.408,8,No,(415) 981-0123,https://aabakerysf.com/,"Egg Tarts, Pineapple Buns, Mooncakes",200,50,Mon–Sun: 6:30 AM – 6:30 PM,$10-20,No,https://aabakerysf.com/,"1068 Stockton St, San Francisco, CA 94108",Chinese Bakery,No,NaN,Takeout,Cantonese,"Established in 2006; known for traditional Chinese pastries and custom cakes; owned by Henry Chen, who also operates VIP Coffee & Cake Shop and Dragon City Bakery",0,"Yes, limited options",5,Street parking available; limited spaces,No,https://www.google.com/maps/place/AA+Bakery+%26+Cafe/,https://maps.apple.com/?q=AA+Bakery+%26+Cafe,Accessible via MUNI lines; located in Chinatown,Popular among locals for fresh pastries and affordable prices
Hang Ah Tea Room,4,Yes,37.7935,-122.4082,8,Yes,(415) 982-5686,https://www.instagram.com/hangah1920/,"Shrimp Dumplings, BBQ Pork Buns, Shu Mai",1200,50,Mon–Sun: 10:30 AM – 8:00 PM,$15-35,Yes,https://hangahdimsumsf.com/,"1 Pagoda Place, San Francisco, CA 94108","Chinese, Dim Sum",No,"Recognized as America's first dim sum restaurant, established in 1920",Casual Dining,Cantonese,"Established in 1920; known as the oldest dim sum restaurant in the United States, offering traditional Cantonese dim sum in a casual setting",50,"Yes, available upon request",20,Street parking available; limited spaces,No,https://www.google.com/maps/place/Hang+Ah+Tea+Room/,https://maps.apple.com/?q=Hang+Ah+Tea+Room,Accessible via MUNI lines; located in Chinatown,Consistently popular; reservations recommended
Garden Bakery,4,No,37.7955,-122.4075,8,No,(415) 397-5838,https://www.gardenbakerysf.com/,"Egg Tarts, Pineapple Buns, Wife's Cakes",200,20,Mon–Sun: 8:00 AM – 7:00 PM,$5-10,No,https://www.gardenbakerysf.com/,"765 Jackson St, San Francisco, CA 94133",Chinese Bakery,No,Recognized for over 40 years of freshly prepared Chinese buns and pastries,Takeout,Cantonese,Family-run bakery known for traditional pastries and affordable baked goods; popular among locals and visitors alike,0,"Yes, limited options",0,Street parking available; limited spaces,No,https://www.google.com/maps/place/Garden+Bakery/,https://maps.apple.com/?q=Garden+Bakery,Accessible via MUNI lines; located in Chinatown,Consistently popular; steady local traffic
Dol Ho,4,No,37.796,-122.4082,8,No,(415) 392-2828,https://www.yelp.com/biz_photos/dol-ho-restaurant-san-francisco,"Shrimp & Chive Dumplings, Pork Spare Ribs, Beef Meatballs",485,30,"Mon–Tue, Thu–Sun: 9:30 AM – 3:30 PM; Wed: Closed",$10-20,No,No official website,"808 Pacific Ave, San Francisco, CA 94133","Chinese, Dim Sum",No,NaN,Casual Dining,Cantonese,Known for traditional dim sum served in a modest setting; popular among locals for authentic flavors,40,"Yes, limited options",15,Street parking available; limited spaces,No,https://www.google.com/maps/place/Dol+Ho/,https://maps.apple.com/?q=Dol+Ho,Accessible via MUNI lines; located in Chinatown,Consistently popular; steady local traffic
Kam Lok Restaurant,3.5,Yes,37.7953,-122.4068,8,Yes,(415) 421-8102,https://www.kamlokca.com/,"Salt and Pepper Spare Ribs, Peking Duck, Mongolian Beef",200,100,Mon–Sun: 11:00 AM – 8:00 PM,$20-30,Yes,https://www.kamlokca.com/,"834 Washington St, San Francisco, CA 94108","Chinese, Cantonese",No,NaN,Casual Dining,Cantonese,Established in 1978; located in a historic space serving traditional Cantonese cuisine; formerly known as Yee Jun,60,"Yes, available upon request",20,Street parking available; limited spaces,No,https://www.google.com/maps/place/Kam+Lok+Restaurant/,https://maps.apple.com/?q=Kam+Lok+Restaurant,Accessible via MUNI lines; located in Chinatown,Consistently popular; reservations recommended
G&Y Bakery Restaurant,4,Yes,37.7944,-122.4078,8,Yes,(415) 291-8688,https://www.gybakery.com/gallery/,"Beef Stew Ho Fun, Salt and Pepper Chicken Wings, Ma Po Tofu",210,100,Mon–Thu: 10:00 AM – 9:00 PM; Fri–Sat: 10:00 AM – 10:00 PM; Sun: 10:00 AM – 9:00 PM,$10-15,Yes,https://www.gybakery.com/,"881 Clay St, San Francisco, CA 94108","Chinese, Cantonese, Bakery",No,NaN,"Casual Dining, Bakery",Cantonese,"Offers a blend of American and Chinese breakfast options alongside an array of appetizers, soups, and traditional Cantonese dishes; known for its freshly baked goods and savory meals",50,"Yes, available upon request",15,Street parking available; limited spaces,No,https://www.google.com/maps/place/G&Y+Bakery+Restaurant/,https://maps.apple.com/?q=G&Y+Bakery+Restaurant,Accessible via MUNI lines; located in Chinatown,Popular among locals and visitors; steady traffic
House of Xian Dumpling,4,Yes,37.797,-122.4055,8,No,(415) 398-1626,https://houseofxiandumplingsf.com/,"Soup Dumplings, Hand-Pulled Noodles, Pan-Fried Pork Buns",500,50,Mon–Sun: 11:00 AM – 10:00 PM,$10-15,Yes,https://houseofxiandumplingsf.com/,"925 Kearny St, San Francisco, CA 94133","Chinese, Xi'an Cuisine",No,NaN,Casual Dining,Shaanxi,"Known for authentic Xi'an-style cuisine, including hand-pulled noodles and a variety of dumplings; offers a cozy and unassuming atmosphere",30,"Yes, available upon request",20,Street parking available; limited spaces,No,https://www.google.com/maps/place/House+of+Xian+Dumpling/,https://maps.apple.com/?q=House+of+Xian+Dumpling,Accessible via MUNI lines; located near Chinatown and North Beach,Consistently popular; steady local traffic
Vital Tea Leaf,4.2,Yes,37.7941,-122.4078,8,No,(415) 981-9322,https://www.instagram.com/vitaltealeaf/,"Blue People Ginseng Oolong, Jasmine Pearl, Lychee Black",462,50,Mon–Sun: 11:00 AM – 7:00 PM,$20-30,Yes,https://vitaltealeaf.net/,"905 Grant Ave, San Francisco, CA 94108","Tea Room, Specialty Teas",No,NaN,Casual Tea Tasting,Various regions of China,Offers free tea tastings with knowledgeable staff; known for a wide selection of high-quality Chinese teas,15,"Yes, various herbal and floral teas available",0,Street parking available; limited spaces,No,https://www.google.com/maps/place/Vital+Tea+Leaf/,https://maps.apple.com/?q=Vital+Tea+Leaf,Accessible via MUNI lines; located in Chinatown,Popular among locals and tourists; steady traffic
Lady Luck Cafe,4,No,37.7956,-122.4074,8,No,(415) 989-2638,https://www.facebook.com/ladyluckcoffee/photos/,"Boba Milk Tea, Taro Latte, Jasmine Green Milk Tea",103,20,Mon–Thu: 10:00 AM – 4:00 PM; Fri–Sat: 10:00 AM – 5:00 PM; Sun: 10:00 AM – 5:00 PM,$10-15,No,NaN,"956 Grant Ave, San Francisco, CA 94108","Coffee & Tea, Boba Tea",No,NaN,Casual Café,Various,Family-owned café offering a blend of coffee and boba tea; aims to serve both locals and tourists in a modern setting,15,"Yes, limited options",0,Street parking available; limited spaces,No,https://www.google.com/maps/place/Lady+Luck+Cafe/,https://maps.apple.com/?q=Lady+Luck+Cafe,Accessible via MUNI lines; located in Chinatown,Popular among locals and tourists; steady traffic
Red Blossom Tea Company,4.5,Yes,37.7955,-122.4075,8,No,(415) 395-0868,https://www.instagram.com/redblossomteacompany/,"Dragonwell Green Tea, Jasmine Pearl, Mi Xiang Oolong",300,100,Wed–Sat: 11:00 AM – 5:00 PM; Sun–Tue: Closed,$20-30,Yes,https://redblossomtea.com/,"831 Grant Ave, San Francisco, CA 94108","Tea Room, Specialty Teas",No,Recognized as San Francisco's premier source for artisanal tea and teaware,Casual Tea Tasting,Various regions of China and Taiwan,Established in 1985; family-owned business specializing in sourcing high-quality teas directly from farmers and craftspeople in China and Taiwan,10,"Yes, various herbal and floral teas available",0,Street parking available; limited spaces,No,https://www.google.com/maps/place/Red+Blossom+Tea+Company/,https://maps.apple.com/?q=Red+Blossom+Tea+Company,Accessible via MUNI lines; located in Chinatown,Popular among tea enthusiasts and tourists; steady traffic
Mr. Bing's,4,No,37.796,-122.4056,8,No,(415) 362-1514,https://www.yelp.com/biz_photos/mr-bings-san-francisco,"Old Fashioned, Classic Martini, Negroni",100,20,Mon–Sun: 12:00 PM – 2:00 AM,$10-15,No,NaN,"201 Columbus Ave, San Francisco, CA 94133",Dive Bar,No,Recognized as a San Francisco Legacy Business in 2023,Casual Bar Experience,American,Established in 1967; known for its unpretentious atmosphere and classic cocktails; frequented by locals and tourists alike,50,"Yes, limited options",5,Street parking available; limited spaces,No,https://www.google.com/maps/place/Mr.+Bing's/,https://maps.apple.com/?q=Mr.+Bing's,"Accessible via MUNI lines; located at the intersection of North Beach, Chinatown, and the Financial District",Popular among locals and tourists; steady traffic
Lion's Den Bar and Lounge,4.5,No,37.7957,-122.4069,8,No,(628) 201-4272,https://www.facebook.com/lionsdensf/photos/,"Asian-inspired cocktails, Classic Martinis, Signature Mixes",50,30,Wed–Sat: 6:00 PM – 1:30 AM; Sun–Tue: Closed,$20-30,No,https://www.lionsdenbarandlounge.com/,"57 Wentworth Place, San Francisco, CA 94108","Bar, Lounge, Live Music Venue",No,Recognized for reviving Chinatown's vibrant live music scene with a modern twist,Casual Lounge Experience,Various,Established in the 2020s; carries on the legacy of Chinatown's vibrant and exotic live music scene with a modern twist,180,"Yes, limited options",5,Street parking available; limited spaces,No,https://www.google.com/maps/place/Lion's+Den+Bar+and+Lounge/,https://maps.apple.com/?q=Lion's+Den+Bar+and+Lounge,Accessible via MUNI lines; located in Chinatown,Popular among locals and tourists; steady traffic
Bow Bow Cocktail Lounge,4,No,37.797,-122.407,8,No,(415) 421-6730,https://www.yelp.com/biz_photos/bow-bow-cocktail-lounge-san-francisco,"Chinese Whiskey, Classic Cocktails, Beer",100,20,Mon–Sun: 5:00 PM – Late; Wed & Sun: Open from 3:00 PM,$10-15,No,http://bowbowsf.com/,"1155 Grant Ave, San Francisco, CA 94133","Dive Bar, Karaoke Bar",No,NaN,Casual Bar Experience,"American, Chinese","Established in 1986; known for its unpretentious atmosphere, karaoke nights, and the legendary bartender ""Mama Candy""",30,"Yes, limited options",0,Street parking available; limited spaces,No,https://www.google.com/maps/place/Bow+Bow+Cocktail+Lounge/,https://maps.apple.com/?q=Bow+Bow+Cocktail+Lounge,Accessible via MUNI lines; located in Chinatown,Popular among locals and tourists; steady traffic
New Asia Restaurant,3.5,No,37.7962,-122.4075,7,Yes,(415) 391-6666,https://www.yelp.com/biz_photos/new-asia-restaurant-san-francisco,"Peking Duck, Dim Sum, Salt and Pepper Crab",350,80,Mon–Sun: 10:00 AM – 9:00 PM,$20-30,No,NaN,"772 Pacific Ave, San Francisco, CA 94133","Chinese, Cantonese, Dim Sum",No,"Previously a well-known banquet hall, transitioning into New Asia Supermarket",Banquet Style,Cantonese,Established in 1987; historically one of the largest dim sum banquet halls in San Francisco’s Chinatown; now converted into a supermarket with plans for redevelopment into a banquet hall and housing project,400,"Yes, limited options",40,Street parking available; limited spaces,No,https://www.google.com/maps/place/New+Asia+Restaurant/,https://maps.apple.com/?q=New+Asia+Restaurant,Accessible via MUNI lines; located in Chinatown,"Formerly a major banquet hall; now a supermarket, with potential revival"
606,4.5,Yes,37.7981,-122.407,8,Yes,(415) 956-3338,https://www.instagram.com/dineat606/,"Simon's Garlic Chicken, Hong Kong Style Milk Tea, Salt & Pepper Pork Chop",292,50,Mon: 11:00 AM – 9:00 PM; Tue: Closed; Wed–Sun: 11:00 AM – 9:00 PM,$20-30,Yes,https://606sf.com/,"606 Broadway, San Francisco, CA 94133","Chinese, Cantonese, Hong Kong Style",No,Featured among America's Top 100 Chinese Restaurants,Casual Dining,Cantonese,"Established in 1989 as New Sun Hong Kong; rebranded as 606 in 2024 by the next generation of the founding family, offering authentic Hong Kong-style cuisine in a modern setting",80,"Yes, various vegetarian dishes available",30,Street parking available; limited spaces,No,https://www.google.com/maps/place/606/,https://maps.apple.com/?q=606,Accessible via MUNI lines; located at the intersection of Chinatown and North Beach,Popular among locals and tourists; steady traffic
Lucky Creation Vegetarian Restaurant,4,No,37.7952,-122.4071,8,No,(415) 989-0818,https://www.yelp.com/biz_photos/lucky-creation-vegetarian-restaurant-san-francisco,"Taro Fish, Minced Bean Cake, Chinese Appetizer Plate",350,70,Mon–Tue: 11:00 AM – 4:00 PM; Wed: Closed; Thu–Fri: 11:00 AM – 4:00 PM; Sat: 11:00 AM – 8:00 PM; Sun: 11:00 AM – 4:00 PM,$10-15,No,NaN,"854 Washington St, San Francisco, CA 94108","Chinese, Cantonese, Vegetarian",No,NaN,Casual Dining,Cantonese,Established in 1988 by a devout Chinese-Buddhist couple from Hong Kong; known for handmade seitan and traditional vegetarian Cantonese dishes,20,"Yes, entirely vegetarian menu",5,Street parking available; limited spaces,No,https://www.google.com/maps/place/Lucky+Creation+Vegetarian+Restaurant/,https://maps.apple.com/?q=Lucky+Creation+Vegetarian+Restaurant,Accessible via MUNI lines; located in Chinatown,Popular among locals and tourists; steady traffic
Mon Sing Noodle Company,4.5,No,37.7383,-122.382,9,No,(415) 282-8822,https://www.yelp.com/biz_photos/mon-sing-noodle-san-francisco,"Shui Mein Noodles, Egg Noodles, Wonton Wrappers",10,10,Mon–Fri: 8:00 AM – 4:00 PM; Sat–Sun: Closed,$5-10,No,https://monsingnoodlecompany.wordpress.com/,"1615 Innes Ave, Unit C, San Francisco, CA 94124",Noodle Manufacturer,No,Recognized as a San Francisco Legacy Business in 2019,Not Applicable,Various Asian cuisines,Established in 1932; fourth-generation family-owned business specializing in traditional Asian noodles; supplies numerous Bay Area restaurants and markets,50,"Yes, offers vegetarian noodle options",5,Street parking available; limited spaces,No,https://www.google.com/maps/place/Mon+Sing+Noodle+Company/,https://maps.apple.com/?q=Mon+Sing+Noodle+Company,Accessible via MUNI lines; located in Bayview-Hunters Point,Popular among local chefs and restaurants; steady demand
Peninsula Seafood Restaurant,4,Yes,37.7955,-122.4059,8,Yes,(415) 398-8383,https://www.yelp.com/biz_photos/peninsula-seafood-restaurant-san-francisco-2,"Dim Sum, Peking Duck, Salt and Pepper Crab",290,80,Mon–Sat: 8:00 AM – 10:00 PM; Sun: 8:00 AM – 9:30 PM,$20-30,Yes,https://www.peninsulaseafoodsf.com/,"641 Jackson St, San Francisco, CA 94133","Chinese, Cantonese, Seafood",No,NaN,Casual Dining,Cantonese,Established in 1988; known for serving authentic dim sum all day in San Francisco's Chinatown; attracts both locals and tourists alike,200,"Yes, limited options",20,Street parking available; limited spaces,No,https://www.google.com/maps/place/Peninsula+Seafood+Restaurant/,https://maps.apple.com/?q=Peninsula+Seafood+Restaurant,Accessible via MUNI lines; located in Chinatown,Popular among locals and tourists; steady traffic
Gourmet Delight BBQ,4,No,37.7955,-122.4071,8,No,(415) 392-3288,https://www.yelp.com/biz_photos/gourmet-delight-san-francisco,"Roast Duck, BBQ Pork, Fried Chicken",100,20,Mon–Sun: 10:00 AM – 7:00 PM,$10-15,No,NaN,"1045 Stockton St, San Francisco, CA 94108","Chinese, Cantonese, BBQ",No,NaN,Takeout Only,Cantonese,Known for its authentic Cantonese BBQ offerings; popular among locals and tourists for quick takeout meals,40,"Yes, limited options",5,Street parking available; limited spaces,No,https://www.google.com/maps/place/Gourmet+Delight/,https://maps.apple.com/?q=Gourmet+Delight,Accessible via MUNI lines; located in Chinatown,Popular among locals and tourists; steady traffic
New Lun Ting Café,4,No,37.7952,-122.4069,8,No,(415) 362-5667,https://www.yelp.com/biz_photos/new-lun-ting-cafe-san-francisco,"Pork Chop with Rice, Roast Pork with Brown Sauce, Beef Stew",24,50,Mon–Sun: 10:30 AM – 9:30 PM,$5-10,No,NaN,"670 Jackson St, San Francisco, CA 94133","Chinese-American, Cantonese",No,Recognized as a San Francisco Legacy Business in 2022,Casual Dining,Cantonese,"Established in 1930; known as ""Pork Chop House,"" serving Hong Kong-style comfort food; popular among locals and visitors for its nostalgic atmosphere",40,"Yes, many vegetarian options available",0,Street parking available; limited spaces,No,https://www.google.com/maps/place/New+Lun+Ting+Cafe/,https://maps.apple.com/?q=New+Lun+Ting+Cafe,Accessible via MUNI lines; located in Chinatown,Popular among locals and tourists; steady traffic
Yee's Restaurant,4,No,37.7963,-122.4078,8,No,(415) 576-1818,https://www.yelp.com/biz_photos/yees-restaurant-san-francisco,"Roast Duck, BBQ Pork, Wonton Soup",409,100,Mon–Sun: 8:00 AM – 9:00 PM,$5-10,No,http://www.yeesrestaurant.com/,"1131 Grant Ave, San Francisco, CA 94133","Chinese, Cantonese, BBQ",No,NaN,Casual Dining,Cantonese,Known for its authentic Cantonese BBQ dishes and traditional Chinese cuisine; a staple in San Francisco's Chinatown,50,"Yes, limited options",5,Street parking available; limited spaces,No,https://www.google.com/maps/place/Yee's+Restaurant/,https://maps.apple.com/?q=Yee's+Restaurant,Accessible via MUNI lines; located in Chinatown,Popular among locals and tourists; steady traffic
The Spicy Shrimp,4.5,Yes,37.7945,-122.4067,8,No,(415) 658-7168,https://www.yelp.com/biz_photos/the-spicy-shrimp-san-francisco,"Salt and Pepper Shrimp, Kung Pao Shrimp, Mongolian Shrimp",50,100,Mon–Tue: 8:00 AM – 7:00 PM; Wed: Closed; Thu–Sat: 8:00 AM – 7:00 PM; Sun: 8:00 AM – 7:00 PM,$5-10,Yes,https://www.thespicyshrimpca.com/,"150 Waverly Pl, San Francisco, CA 94108","Chinese, Cantonese, Seafood",No,NaN,Casual Dining,Cantonese,"Known for its authentic Cantonese seafood dishes, especially shrimp specialties; popular among locals and tourists for its flavorful offerings",30,"Yes, limited options",5,Street parking available; limited spaces,No,https://www.google.com/maps/place/The+Spicy+Shrimp/,https://maps.apple.com/?q=The+Spicy+Shrimp,Accessible via MUNI lines; located in Chinatown,Popular among locals and tourists; steady traffic
Canton Seafood & Dim Sum House,4,No,37.7845,-122.3987,8,Yes,(415) 495-3064,https://www.tripadvisor.com/Restaurant_Review-g60713-d480413-Reviews-Canton_Seafood_Dim_Sum_House-San_Francisco_California.html,"Shrimp Dumplings, Siu Mai, BBQ Pork Buns",68,50,Mon–Fri: 10:30 AM – 9:30 PM; Sat–Sun: 10:00 AM – 9:30 PM,$10-15,No,http://www.cantonsf.com/,"655 Folsom St, San Francisco, CA 94107","Chinese, Cantonese, Dim Sum",No,NaN,Casual Dining,Cantonese,Established in 1987; known for its authentic Cantonese cuisine and traditional dim sum offerings; a popular spot for both locals and visitors,150,"Yes, several options available",5,Street parking available; limited spaces,No,"https://www.google.com/maps/place/655+Folsom+St,+San+Francisco,+CA+94107/","https://maps.apple.com/?q=655+Folsom+St,+San+Francisco,+CA+94107",Accessible via MUNI lines; located in SoMa,Popular among locals and tourists; steady traffic
Golden King Vietnamese Restaurant,4,Yes,37.7944,-122.4056,8,No,(415) 217-6888,https://www.yelp.com/biz_photos/golden-king-vietnamese-restaurant-san-francisco,"Phở, Bún Thịt Nướng, Gỏi Cuốn",212,50,Mon–Sat: 10:00 AM – 8:00 PM; Sun: Closed,$10-15,Yes,NaN,"757 Clay St, San Francisco, CA 94108","Vietnamese, Asian Fusion",No,NaN,Casual Dining,Vietnamese,Known for its authentic Vietnamese noodles and dishes; praised for great and fast service,40,"Yes, several vegetarian options available",5,Street parking available; limited spaces,No,https://www.google.com/maps/place/Golden+King+Vietnamese+Restaurant/,https://maps.apple.com/?q=Golden+King+Vietnamese+Restaurant,Accessible via MUNI lines; located in Chinatown,Popular among locals and tourists; steady traffic
Wo's Restaurant,4,No,37.7947,-122.4073,8,No,(415) 982-3388,https://www.yelp.com/biz_photos/wo-s-restaurant-san-francisco,"Wonton Soup, BBQ Pork, Roast Duck",150,50,Mon–Sun: 10:30 AM – 3:00 AM,$15-20,No,NaN,"610 Grant Ave, San Francisco, CA 94108","Chinese, Cantonese",No,NaN,Casual Dining,Cantonese,"Known for its traditional Cantonese dishes and late-night service, Wo's Restaurant was a staple in San Francisco's Chinatown before closing",60,"Yes, limited options",0,Street parking available; limited spaces,No,https://www.google.com/maps/place/Wo's+Restaurant/,https://maps.apple.com/?q=Wo's+Restaurant,Accessible via MUNI lines; located in Chinatown,Popular among locals and tourists; steady traffic
Hon's Wun-Tun House,4,Yes,37.7945,-122.4043,8,No,(415) 433-3966,https://honswuntunhouse-sf.com/,"Wun-Tun Noodle Soup, Curry Beef, Beef Brisket Noodles",358,40,Mon-Sat: 9:30 AM – 7:00 PM; Closed Sunday,$10-20,No,https://honswuntunhouse-sf.com/,"648 Kearny St, San Francisco, CA 94108",Chinese (Cantonese),No,Recognized as a Chinatown staple,"Casual, Hong Kong-style noodle house",Cantonese,"Established 1972, over 50 years in service",50,Limited options,0,Street parking,NaN,https://www.google.com/maps/place/Hon's+Wun-Tun+House,"https://maps.apple.com/?address=648%20Kearny%20St,%20San%20Francisco,%20CA%2094108","MUNI nearby, easy access",Popular among locals and tourists
Chef Hung's Restaurant,3.8,Yes,37.7942,-122.406,8,Yes,(415) 398-6883,Not available,"Clay Pot Dishes, Spicy Hunan Dishes",196,50,"Mon-Tue, Thu-Sun: 11:00 AM – 10:00 PM; Closed on Wednesdays",$10-20,No,NaN,"823 Clay St, San Francisco, CA 94108","Chinese (Cantonese, Hunan)",No,NaN,"Casual, Divey","Cantonese, Hunan",Established in the 1980s; known for consistent quality since then,60,NaN,5,Street parking,No,https://www.google.com/maps/place/Chef+Hung's+Restaurant,"https://maps.apple.com/?address=823%20Clay%20St,%20San%20Francisco,%20CA%2094108",Accessible via MUNI lines; located in Chinatown,Recognized as a consistent establishment since the 1980s
Good Luck Dim Sum,4.5,No,37.7836,-122.4669,8,No,(415) 386-3388,https://good-luck-dim-sum.res-menu.com/,"Shrimp Dumplings (Har Gow), Pork Siu Mai, BBQ Pork Buns","1,200",35,Wed-Sun: 8:00 AM – 4:30 PM; Closed Mon-Tue,$20-30,No,https://good-luck-dim-sum.res-menu.com/,"736 Clement St, San Francisco, CA 94118",Chinese (Dim Sum),No,Recognized by local food critics,"Casual, Takeout",Cantonese,Established in the 1980s; a staple in the Richmond District,20,Limited options,15,Street parking,No,https://www.google.com/maps/place/Good+Luck+Dim+Sum,"https://maps.apple.com/?address=736%20Clement%20St,%20San%20Francisco,%20CA%2094118",Accessible via MUNI lines; located in the Richmond District,Popular among locals and tourists; frequently recommended
Today Food,4.5,Yes,37.7934,-122.4058,8,No,(415) 994-1516,https://www.toasttab.com/local/order/todayfoodsf/r-1a2c1c1f-c654-4fa6-b913-49e76c2bca60,"Potstickers, Boiled Dumplings, Soup Dumplings",57,23,Mon-Sun: 11:00 AM – 7:00 PM,$5-10,No,https://www.toasttab.com/local/order/todayfoodsf/r-1a2c1c1f-c654-4fa6-b913-49e76c2bca60,"601 Kearny St, San Francisco, CA 94108",Chinese (Shanghainese),No,NaN,"Casual, Takeout",Shanghainese,Established recently; known for freshly made dumplings,20,Yes,10,Street parking,No,https://www.google.com/maps/place/Today+Food,"https://maps.apple.com/?address=601%20Kearny%20St,%20San%20Francisco,%20CA%2094108",Accessible via MUNI lines; located in Chinatown,Gaining popularity among locals and tourists
Washington Bakery & Restaurant,4,yes,37.7952,-122.4058,8,No,(415) 397-3232,https://www.facebook.com/sfwashingtonbakery/,"Pineapple Buns, Almond Red Bean Buns, Hot Dog Buns",500,45,NaN,$5-10,NaN,https://www.facebook.com/sfwashingtonbakery/,"733 Washington St, San Francisco, CA 94108",Chinese (Hong Kong-style),No,NaN,"Casual, Café",Hong Kong-style,Established in 1995; operated for 27 years before closing in 2022,50,Yes,0,Street parking,No,https://www.google.com/maps/place/Washington+Bakery+%26+Restaurant,"https://maps.apple.com/?address=733%20Washington%20St,%20San%20Francisco,%20CA%2094108",Accessible via MUNI lines; located in Chinatown,NaN
Tasty Pot,3.8,No,37.7831,-122.4663,8,No,(415) 742-5128,https://www.tastypotusa.com/,"Spicy Hot Pot, Beef Hot Soup, Seafood Lobster Hot Soup",584,20,Mon-Sun: 11:30 AM – 10:00 PM,$20-35,No,https://www.tastypotusa.com/,"815 Clement St, San Francisco, CA 94118","Taiwanese, Hot Pot",Yes,NaN,"Casual, Individual Hot Pots",Taiwanese,Part of a chain with locations across the U.S.,40,Yes,20,Street parking,No,https://www.google.com/maps/place/Tasty+Pot,"https://maps.apple.com/?address=815%20Clement%20St,%20San%20Francisco,%20CA%2094118",Accessible via MUNI lines; located in the Richmond District,Popular among locals and tourists; frequently recommended
Golden Flower Vietnamese Restaurant,4,Yes,37.7951,-122.4057,8,No,(415) 433-6469,https://www.yelp.com/biz/golden-flower-vietnamese-restaurant-san-francisco,"Pho, Bun Bo Hue, Spring Rolls",500,30,Mon-Sun: 9:30 AM – 9:30 PM,$10-15,Yes,https://www.yelp.com/biz/golden-flower-vietnamese-restaurant-san-francisco,"667 Jackson St, San Francisco, CA 94133",Vietnamese,No,NaN,"Casual, Family-Friendly",Vietnamese,Established in the 1980s; family-owned and operated,50,Yes,5,Street parking,No,https://www.google.com/maps/place/Golden+Flower+Vietnamese+Restaurant,"https://maps.apple.com/?address=667%20Jackson%20St,%20San%20Francisco,%20CA%2094133",Accessible via MUNI lines; located in Chinatown,Popular among locals and tourists; consistently positive reviews
New Hollywood Bakery & Restaurant,4,No,37.796,-122.4075,8,No,(415) 397-9919,https://www.yelp.com/biz/new-hollywood-bakery-and-restaurant-san-francisco-2,"Egg Tarts, Green Onion Buns, Pork Buns",130,35,Mon-Sun: 7:00 AM – 6:00 PM,$5-10,No,https://www.yelp.com/biz/new-hollywood-bakery-and-restaurant-san-francisco-2,"652 Pacific Ave, San Francisco, CA 94133",Chinese (Bakery),No,Recognized by local food critics,"Casual, Bakery",Cantonese,Established in the early 2000s; known for freshly baked goods,20,Limited options,10,Street parking,No,https://www.google.com/maps/place/New+Hollywood+Bakery+%26+Restaurant,"https://maps.apple.com/?address=652%20Pacific%20Ave,%20San%20Francisco,%20CA%2094133",Accessible via MUNI lines; located in Chinatown,Popular among locals and tourists; consistently positive reviews
Yummy Yummy,4,No,37.7635,-122.469,8,No,(415) 566-4722,https://www.yelp.com/biz/yummy-yummy-san-francisco,"Pho, Grilled Pork, Five-Spice Chicken, Imperial Rolls",500,30,"Mon-Sun: 10:00 AM – 3:00 PM, 5:00 PM – 9:00 PM",$5-10,No,https://www.yelp.com/biz/yummy-yummy-san-francisco,"1015 Irving St, San Francisco, CA 94122",Vietnamese,No,Recognized by local food critics,"Casual, Family-Friendly",Vietnamese,Established in the early 2000s; family-owned and operated,40,Yes,5,Street parking,No,https://www.google.com/maps/place/Yummy+Yummy,"https://maps.apple.com/?address=1015%20Irving%20St,%20San%20Francisco,%20CA%2094122",Accessible via MUNI lines; located in the Inner Sunset district,Popular among locals and tourists; consistently positive reviews
J&D's BBQ,4.5,No,37.7739,-122.3917,8,No,(415) 917-9779,https://www.janddsbbq.com/,"Brisket, Ribs, Pulled Pork, Beef Hot Links",28,20,Thu: 11:00 AM – 2:00 PM; Fri: 11:00 AM – 9:00 PM; Sat: 11:00 AM – 9:00 PM; Closed Sun-Wed,$15-25,No,https://www.janddsbbq.com/,"601 Mission Bay Blvd N, San Francisco, CA 94158",Barbecue,No,Recognized by local food critics,"Casual, Food Truck",Southern BBQ,Established in 2017; family-owned and operated,30,Limited options,10,Street parking,No,"https://www.google.com/maps/place/601+Mission+Bay+Blvd+N,+San+Francisco,+CA+94158","https://maps.apple.com/?address=601%20Mission%20Bay%20Blvd%20N,%20San%20Francisco,%20CA%2094158",Accessible via MUNI lines; located in Mission Bay,Popular among locals and tourists; consistently positive reviews
Happy Chinese Restaurant,4,No,37.796,-122.408,7,No,(415) 398-1268,https://www.yelp.com/biz/happy-chinese-restaurant-san-francisco,"Dim Sum, Congee, BBQ Pork Buns",41,35,"Mon: 7:00 AM – 3:00 PM, 5:00 PM – 10:00 PM; Tue: 7:00 AM – 3:00 PM; Wed-Sun: 7:00 AM – 3:00 PM, 5:00 PM – 10:00 PM",$5-10,No,https://www.yelp.com/biz/happy-chinese-restaurant-san-francisco,"1326 Powell St, San Francisco, CA 94133",Chinese (Cantonese),No,NaN,"Casual, Family-Friendly",Cantonese,Established several decades ago; known for traditional dim sum and Cantonese dishes,50,Yes,5,Street parking,No,https://www.google.com/maps/place/Happy+Chinese+Restaurant,"https://maps.apple.com/?address=1326%20Powell%20St,%20San%20Francisco,%20CA%2094133",Accessible via MUNI lines; located in Chinatown,Popular among locals and tourists; consistently positive reviews
Kam Po Kitchen,3.9,No,37.7981,-122.4092,8,No,(415) 982-3516,https://kampokitchen.shop/,"Roast Duck, Roast Pork, BBQ Pork, Wonton Noodle Soup",665,31,Mon-Sun: 8:00 AM – 6:00 PM,$5-10,No,https://kampokitchen.shop/,"801 Broadway, San Francisco, CA 94133",Cantonese,No,Recognized by local food critics,"Casual, Family-Friendly",Cantonese,Established several decades ago; known for traditional Cantonese barbecue,30,Limited options,5,Street parking,No,https://www.google.com/maps/place/Kam+Po+Kitchen,"https://maps.apple.com/?address=801%20Broadway,%20San%20Francisco,%20CA%2094133",Accessible via MUNI lines; located in Chinatown,Popular among locals and tourists; consistently positive reviews
On Waverly,5,Yes,37.7947,-122.4066,8,No,(415) 209-5589,https://www.onwaverly.com/,N/A,20,34,Mon-Sat: 11:00 AM – 6:00 PM; Sun: 11:00 AM – 5:00 PM,$30-45,Yes ,https://www.onwaverly.com/,"162 Waverly Place, San Francisco, CA 94108",N/A (Retail & Community Space),No,NaN,"Casual, Community-Oriented",N/A,"Celebrates AAPI creators and culture through books, art, and gifts",30,NaN,5,Street parking,No,https://www.google.com/maps/place/On+Waverly,"https://maps.apple.com/?address=162%20Waverly%20Pl,%20San%20Francisco,%20CA%2094108",Accessible via MUNI lines; located in Chinatown,Popular among AAPI creators and cultural enthusiasts
New Woey Loy Goey Restaurant,4,Yes,37.7963,-122.4068,9,No,(415) 399-0733,https://www.woeyloygoey.com/,"Steamed Pork Hash, Lamb Claypot, Stewed Oxtail",120,30,Mon-Sun: 11:00 AM – 9:30 PM,$25-35,Yes,https://www.woeyloygoey.com/,"699 Jackson St, San Francisco, CA 94133",Cantonese,No,Recognized by local food critics,"Casual, Family-Friendly",Cantonese,Established in 1996; known for traditional Toisan cooking,50,Yes,20,Street parking,No,https://www.google.com/maps/place/New+Woey+Loy+Goey+Restaurant,"https://maps.apple.com/?address=699%20Jackson%20St,%20San%20Francisco,%20CA%2094133",Accessible via MUNI lines; located in Chinatown,Popular among locals and tourists; consistently positive reviews
Hunan House,4,Yes,37.7955,-122.4068,8,No,(415) 398-1299,https://hunanhousecatogo.com/,"Hot and Sour Soup, Kung Pao Chicken, Spicy Wontons",150,45,"Mon-Thu, Sun: 11:00 AM – 10:00 PM; Fri-Sat: 11:00 AM – 11:00 PM",$15-20,Yes,https://hunanhousecatogo.com/,"826 Washington St, San Francisco, CA 94108","Chinese (Hunan, Szechuan)",No,Recognized by local food critics,"Casual, Family-Friendly","Hunan, Szechuan",Established in the heart of Chinatown; known for authentic spicy flavors,60,Yes,15,Street parking,No,https://www.google.com/maps/place/Hunan+House,"https://maps.apple.com/?address=826%20Washington%20St,%20San%20Francisco,%20CA%2094108",Accessible via MUNI lines; located in Chinatown,Popular among locals and tourists; consistently positive reviews
Golden City Inn Chinese Food,3,Yes,37.7312,-122.3917,8,No,(415) 822-3003,https://www.yelp.com/biz/golden-city-inn-chinese-food-san-francisco,"Butter Garlic Crab, Orange Chicken, Shrimp Fried Rice",48,19,Mon-Sun: 11:00 AM – 9:00 PM,$15-20,Yes,https://www.yelp.com/biz/golden-city-inn-chinese-food-san-francisco,"5131 3rd St, San Francisco, CA 94124",Chinese,No,NaN,"Casual, Takeout",Chinese,Established several years ago; known for traditional Chinese dishes,20,Yes,10,Street parking,No,https://www.google.com/maps/place/Golden+City+Inn+Chinese+Food,"https://maps.apple.com/?address=5131%20Third%20St,%20San%20Francisco,%20CA%2094124",Accessible via MUNI lines; located in Bayview-Hunters Point,Popular among locals; mixed reviews
Northern China BBQ,4.5,Yes,37.7749,-122.4114,8,No,(415) 829-3837,https://www.northernchinabbq.com/,"Lamb Skewers, Beef Skewers, Grilled Squid, Tinfoil Dishes",50,23,Tue-Sun: 4:30 PM – 12:30 AM; Closed on Mondays,$15-20,Yes,https://www.northernchinabbq.com/,"294 9th St, San Francisco, CA 94103",Chinese (Northern BBQ),No,NaN,"Casual, Late-Night Dining",Northern Chinese,Established recently; known for authentic Northern Chinese barbecue specialties,40,Limited options,10,Street parking,No,https://www.google.com/maps/place/Northern+China+BBQ/,"https://maps.apple.com/?address=294%209th%20St,%20San%20Francisco,%20CA%2094103",Accessible via MUNI lines; located in SoMa district,Popular among locals and tourists; consistently positive reviews
Dragon Papa Dessert,4,Yes,37.7956,-122.4071,8,No,(415) 539-7728,https://www.facebook.com/dragonpapadessert/,"Dragon's Beard Candy (Peanut, Sesame, Coconut)",512,24,Tue-Sun: 4:30 PM – 12:30 AM; Closed on Mondays,$5-10,No,https://www.facebook.com/dragonpapadessert/,"752 Grant Ave, San Francisco, CA 94108",Chinese (Desserts),No,NaN,"Casual, Takeout",Chinese,"Once a renowned candy shop in Chinatown, known for authentic Dragon's Beard Candy, now operates occasionally via pop-ups",40,Yes,15,Street parking,No,https://www.google.com/maps/place/Dragon+Papa+Dessert/,"https://maps.apple.com/?address=752%20Grant%20Ave,%20San%20Francisco,%20CA%2094108",Accessible via MUNI lines; located in Chinatown,Popular among locals and tourists; consistently positive reviews
TJ Cafe,4.5,Yes,37.7715,-122.5105,8,No,(415) 702-6286,https://www.tjcafesf.com/,"Bacon Cheeseburger, Breakfast Burrito, California Chicken Burger",225,23,Mon: 9:00 AM – 6:00 PM; Tue: Closed; Wed-Thu: 9:00 AM – 6:00 PM; Fri-Sun: 9:00 AM – 7:00 PM,$10-15,Yes,https://www.tjcafesf.com/,"724 La Playa St, San Francisco, CA 94121","American, Breakfast, Sandwiches",No,Recognized by local patrons for quality and service,"Casual, Family-Friendly",American,Established in the Outer Richmond district; known for hearty breakfast and lunch options,30,Yes,15,Street parking,No,https://www.google.com/maps/place/TJ+Cafe/,"https://maps.apple.com/?address=724%20La%20Playa%20St,%20San%20Francisco,%20CA%2094121",Accessible via MUNI lines; located near Ocean Beach,Popular among locals and tourists; consistently positive reviews
Ming Kee Restaurant,4,No,37.7245,-122.4623,8,No,(415) 337-8198,https://ming-kee.cafes-world.com/,"Roast Duck, Princess Chicken, Soy Sauce Chicken",246,45,"Mon-Tue, Thu-Sun: 8:00 AM – 6:00 PM; Wed: Closed",$15-20,No,https://ming-kee.cafes-world.com/,"1548 Ocean Ave, San Francisco, CA 94112","Chinese (Cantonese, Barbecue)",No,NaN,"Casual, Takeout",Cantonese,Known for authentic Chinese barbecue; praised for meticulous meat preparation,0,Yes,10,Street parking,No,https://www.google.com/maps/place/Ming+Kee+Restaurant/,"https://maps.apple.com/?address=1548%20Ocean%20Ave,%20San%20Francisco,%20CA%2094112",Accessible via MUNI lines; located in Westwood Park,Popular among locals; consistently positive reviews
Dartealing Lounge,4.5,No,37.7814,-122.3965,8,Yes,(415) 234-9920,https://www.dartealinglounge.com/,"Afternoon Tea Service, Assorted Finger Sandwiches, Scones with Clotted Cream",200,50,Wed-Sun: 11:00 AM – 5:00 PM; Mon-Tue: Closed,$20-35,No,https://www.dartealinglounge.com/,"470 3rd St, San Francisco, CA 94107","Tea Room, Café",No,Recognized by local patrons for quality and ambiance,"Casual, Elegant",British-inspired,Established in 2009; known for traditional afternoon tea service with a modern twist,30,Yes,10,Street parking,No,https://www.google.com/maps/place/Dartealing+Lounge/,"https://maps.apple.com/?address=470%203rd%20St,%20San%20Francisco,%20CA%2094107",Accessible via MUNI lines; located in SoMa district,Popular among locals and tourists; consistently positive reviews
Bamboo Restaurant,4,Yes,37.7892,-122.4206,8,No,(415) 775-3679,https://bamboorestaurantsf.com/; http://orderbamboorestaurant.com/; https://www.bamboopolksf.com/,"Orange Chicken, Honey Walnut Prawns, General Chao's Chicken",276,100,Mon-Sat: 11:00 AM – 12:00 AM; Sun: 12:00 PM – 12:00 AM,$10-20,Yes,https://bamboorestaurantsf.com/; http://orderbamboorestaurant.com/; https://www.bamboopolksf.com/,"1441 Polk Street, San Francisco, CA 94109","Chinese (Hunan, Mandarin)",No,NaN,"Casual, Family-Friendly","Hunan, Mandarin","One of the oldest Chinese restaurants in the area, known for authentic cuisine and quality service",30,Yes,10,Street parking,No,https://www.google.com/maps/place/Bamboo+Restaurant/,"https://maps.apple.com/?address=1441%20Polk%20Street,%20San%20Francisco,%20CA%2094109",Accessible via MUNI lines; located in Polk Gulch neighborhood,Popular among locals and tourists; consistently positive reviews
Pot & Noodle,4,No,37.7825,-122.4648,8,No,(415) 981-0803,NaN,"Spicy Beef Noodle Soup, Hotpot Dishes, Handmade Dumplings",512,60,Tue-Sun: 4:30 PM – 12:30 AM; Closed on Mondays,$15-25,No,NaN,"682 Washington St, San Francisco, CA 94108","Chinese (Hotpot, Noodles)",No,NaN,"Casual, Family-Friendly",Chinese,"Previously known for traditional Chinese hotpot and noodle dishes, located in the heart of Chinatown",40,Yes,15,Street parking,No,https://www.google.com/maps/place/Pot+%26+Noodle/,"https://maps.apple.com/?address=682%20Washington%20St,%20San%20Francisco,%20CA%2094108",Accessible via MUNI lines; located in Chinatown,Popular among locals and tourists; consistently positive reviews
Wok Shop Cafe,4,Yes,37.7864,-122.4216,8,No,(415) 771-2142,https://www.wokshopcafesf.com/,"General Tsao's Chicken, Kung Pao Chicken, Mongolian Beef",715,100,Mon-Sat: 11:00 AM – 9:00 PM; Sun: 4:00 PM – 9:00 PM,$10-20,Yes,https://www.wokshopcafesf.com/,"1233 Van Ness Ave, San Francisco, CA 94109","Chinese (Cantonese, Szechuan)",No,NaN,"Casual, Family-Friendly","Cantonese, Szechuan","Established in the Lower Pacific Heights area, known for authentic Chinese cuisine and quality service",40,Yes,15,Street parking,No,https://www.google.com/maps/place/Wok+Shop+Cafe/,"https://maps.apple.com/?address=1233%20Van%20Ness%20Ave,%20San%20Francisco,%20CA%2094109",Accessible via MUNI lines; located in Lower Pacific Heights,Popular among locals and tourists; consistently positive reviews
Joy Hing Bar-B-Que Noodle House,4,Yes,37.7955,-122.4041,8,No,(415) 981-0531,https://www.yelp.com/biz/joy-hing-bar-b-que-noodle-san-francisco-2; https://www.tripadvisor.com/Restaurant_Review-g60713-d5087743-Reviews-Joy_Hing_Bar_B_Que_Noodle_House-San_Francisco_California.html,"Roast Duck, BBQ Pork, Wonton Noodle Soup",200,50,Mon-Sun: 10:00 AM – 9:00 PM,$10-20,Yes,https://www.yelp.com/biz/joy-hing-bar-b-que-noodle-san-francisco-2; https://www.tripadvisor.com/Restaurant_Review-g60713-d5087743-Reviews-Joy_Hing_Bar_B_Que_Noodle_House-San_Francisco_California.html,"710 Kearny St, San Francisco, CA 94108","Chinese (Cantonese, Barbecue)",No,NaN,"Casual, Family-Friendly","Cantonese, Vietnamese, Singaporean","Known for traditional Cantonese barbecue and noodle dishes; offers a blend of Chinese, Vietnamese, and Singaporean cuisines",40,Yes,10,Street parking,No,https://www.google.com/maps/place/Joy+Hing+Bar-B-Que+Noodle+House/,"https://maps.apple.com/?address=710%20Kearny%20St,%20San%20Francisco,%20CA%2094108",Accessible via MUNI lines; located in Chinatown/Financial District,Popular among locals and tourists; consistently positive reviews
Gourmet Kitchen,3.5,No,37.7941,-122.4078,8,No,(415) 781-7988,https://www.yelp.com/biz/gourmet-kitchen-san-francisco; https://www.tripadvisor.com/Restaurant_Review-g60713-d4842615-Reviews-Gourmet_Kitchen-San_Francisco_California.html,"Roast Duck, BBQ Pork, Wonton Noodle Soup",243,50,Mon-Sun: 7:00 AM – 6:30 PM,$10-20,No,https://www.yelp.com/biz/gourmet-kitchen-san-francisco; https://www.tripadvisor.com/Restaurant_Review-g60713-d4842615-Reviews-Gourmet_Kitchen-San_Francisco_California.html,"1051 Stockton St, San Francisco, CA 94108",Chinese (Cantonese),No,NaN,"Casual, Diner-Style",Cantonese,Known for traditional Cantonese dishes; popular among locals for affordable pricing,30,Yes,10,Street parking,No,https://www.google.com/maps/place/Gourmet+Kitchen/,"https://maps.apple.com/?address=1051%20Stockton%20St,%20San%20Francisco,%20CA%2094108",Accessible via MUNI lines; located in Chinatown,Consistent local patronage; modest reviews
Pacific Cafe,4.5,No,37.7799,-122.4933,8,No,(415) 387-7091,https://www.pacificcafesf.com/,"Parmesan-Encrusted Halibut, Dungeness Crab Cakes, Fried Sand Dabs",257,20,Wed-Sun: 5:00 PM – 9:00 PM; Mon-Tue: Closed,$25-30,No,https://www.pacificcafesf.com/,"7000 Geary Blvd, San Francisco, CA 94121","American, Seafood",No,Recognized as a Legacy Business nearing its 50th anniversary,"Casual, Family-Friendly","American, Seafood","Established in 1974; known for fresh, local seafood and complimentary wine while waiting",70,Yes,5,Street parking,No,https://www.google.com/maps/place/Pacific+Cafe/,"https://maps.apple.com/?address=7000%20Geary%20Blvd,%20San%20Francisco,%20CA%2094121",Accessible via MUNI lines; located in the Outer Richmond district,Popular among locals and tourists; consistently positive reviews
Beijing Restaurant,4,Yes,37.7215,-122.4448,8,Yes,(415) 333-8182,https://www.beijingsf.com/; https://www.yelp.com/biz/beijing-restaurant-san-francisco; https://www.beijingfoodsf.com/ ,"Peking Duck, Lamb Cumin Stir Fry, Dumplings",243,100,"Mon: 11:00 AM – 3:00 PM, 4:00 PM – 8:45 PM; Tue: Closed; Wed-Sun: 11:00 AM – 3:00 PM, 4:00 PM – 8:45 PM",$15-25,Yes,https://www.beijingsf.com/; https://www.yelp.com/biz/beijing-restaurant-san-francisco; https://www.beijingfoodsf.com/,"1801 Alemany Blvd, San Francisco, CA 94112","Chinese (Northern, Beijing)",No,Recognized for authentic Northern Chinese cuisine,"Casual, Family-Friendly","Beijing, Northern China","Established over 20 years ago by Lin Zheng, reflecting her Beijing roots and dedication to preserving its culinary heritage",50,Yes,5,Street parking,No,https://www.google.com/maps/place/Beijing+Restaurant/,"https://maps.apple.com/?address=1801%20Alemany%20Blvd,%20San%20Francisco,%20CA%2094112",Accessible via MUNI lines; located at the corner of Alemany and Ocean in the Excelsior district,Popular among locals and tourists; consistently positive reviews
Cafe Bakery & Restaurant,4,No,37.7538,-122.477,8,No,(415) 661-6116,https://www.yelp.com/biz/cafe-bakery-and-restaurant-san-francisco-2,"Baked Pork Chop Over Rice, Portuguese Baked Sole, Hong Kong-Style Milk Tea",663,50,Mon-Sun: 11:00 AM – 8:00 PM,$10-20,No,https://www.yelp.com/biz/cafe-bakery-and-restaurant-san-francisco-2,"1345 Noriega St, San Francisco, CA 94122",Chinese (Hong Kong Style Cafe),No,NaN,"Casual, Family-Friendly",Hong Kong,Established over 20 years ago; known for authentic Hong Kong-style dishes and bakery items,40,Yes,10,Street parking,No,https://www.google.com/maps/place/Cafe+Bakery+%26+Restaurant/,"https://maps.apple.com/?address=1345%20Noriega%20St,%20San%20Francisco,%20CA%2094122",Accessible via MUNI lines; located in the Sunset District,Popular among locals; consistently positive reviews
Chef Wong Chinese Restaurant,4,Yes,34.0023,-122.477,8,Yes,(770) 558-4555,https://www.chefwongchineserestaurant.com/,"Traditional Korean-Chinese Dishes, Noodles, Stir-Fried Specialties",512,80,Mon-Sun: 10:30 AM – 9:30 PM,$15-30,Yes,https://www.chefwongchineserestaurant.com/,"3525 Mall Blvd NW #1a, Duluth, GA 30096",Chinese (Korean-Chinese Fusion),No,NaN,"Casual, Family-Friendly",Korean-Chinese,Fusion restaurant specializing in blending Chinese and Korean flavors; known for authentic cooking techniques,50,Yes,10,Plaza parking lot,No,https://www.google.com/maps/place/Chef+Wong+Chinese+Restaurant/,"https://maps.apple.com/?address=3525%20Mall%20Blvd%20NW%20%231a,%20Duluth,%20GA%2030096",Accessible via local bus routes; located in a shopping plaza,Popular among locals; well-rated for authenticity
China Express Deli,2.5,No,37.7525,-122.4186,8,No,(415) 821-3375,https://www.yelp.com/biz_photos/china-express-deli-san-francisco,"Beef Tofu Over Rice, Mongolian Beef, Shrimp Chow Mein",23,50,Mon-Sun: 6:00 AM – 9:00 PM,$10-20,No,(https://www.allmenus.com/ca/san-francisco/63177-china-express-deli/menu/); [Yellow Pages](https://www.yellowpages.com/san-francisco-ca/mip/china-express-deli-8535720),"2732 Mission St, San Francisco, CA 94110","Chinese, Deli",No,NaN,"Casual, Takeout","Mission District, San Francisco",Known for quick-service Chinese-American dishes; popular among locals for affordable pricing,20,Yes,5,Street parking,No,https://www.google.com/maps/place/China+Express+Deli/),"https://maps.apple.com/?address=2732%20Mission%20St,%20San%20Francisco,%20CA%2094110)",Accessible via MUNI lines; located in the Mission District,Consistent local patronage; modest reviews
Dim Sum Bistro,4,Yes,37.7975,-122.407,8,No,(415) 788-7028,[Available on Yelp](https://www.yelp.com/biz_photos/dim-sum-bistro-san-francisco),"Shrimp Dumplings, Pork Siu Mai, Shanghai Soup Dumplings",456,50,Mon-Sun: 8:00 AM – 3:00 PM,$10-20,Yes,(https://www.dimsum-bistro.com/); [Yelp](https://www.yelp.com/biz/dim-sum-bistro-san-francisco); [Beyond Menu](https://www.beyondmenu.com/46685/san-francisco/dim-sum-bistro-san-francisco-94133.aspx),"675 Broadway, San Francisco, CA 94133",Chinese (Dim Sum),No,NaN,"Casual, Takeout",Cantonese,Known for freshly made dim sum offerings; popular among locals and tourists alike,30,Yes,5,Street parking,No,https://www.google.com/maps/place/Dim+Sum+Bistro/),"https://maps.apple.com/?address=675%20Broadway,%20San%20Francisco,%20CA%2094133)",Accessible via MUNI lines; located in Chinatown,Consistently positive reviews; featured in local dining guides
Dragon Gate Bar & Grille,4,No,37.7947,--122.2771,7,Yes,(510) 228-4363,[Available on Yelp](https://www.yelp.com/biz_photos/dragon-gate-oakland),"Bun Cha, Fried Prawns, Tofu, Taiwanese Pancakes",512,80,Mon-Sun: 11:00 AM – 2:00 AM,$20-40,No,(https://jacklondonsquare.com/stores/dragon-gate); [Visit Oakland](https://www.visitoakland.com/listing/dragon-gate-oakland/8080/),"1 Franklin Street, Oakland, CA 94607","Taiwanese, Chinese Fusion",No,Recognized for its upscale décor and waterfront dining experience,"Casual, Full Bar, Karaoke Rooms","Taiwanese, Chinese Fusion",Opened in December 2024; known for late-night dining and entertainment,120,Yes,15,Nearby parking lots available,Yes,https://www.google.com/maps/place/Dragon+Gate+Bar+%26+Grille/),"https://maps.apple.com/?address=1%20Franklin%20Street,%20Oakland,%20CA%2094607)",Accessible via BART and local bus routes,Popular new addition to Oakland's waterfront dining scene
Golden Lotus,4,No,37.7831,-122.4172,8,No,(415) 345-1355,[Available on Yelp](https://www.yelp.com/biz_photos/golden-lotus-san-francisco),"Pho with American Wagyu steak, Rice roll with grilled lemongrass pork, Vietnamese Crepe",327,50,Mon-Sun: 10:00 AM – 9:00 PM,$10-20,No,(http://sfgoldenlotus.com/); [Yelp](https://www.yelp.com/biz/golden-lotus-san-francisco),"631 Larkin St, San Francisco, CA 94109",Vietnamese,No,NaN,"Casual, No-Frills",Northern Vietnamese,Known for Northern Vietnamese-style pho and other noodle & rice dishes; popular among locals and tourists alike,40,Yes,5,Street parking,No,https://www.google.com/maps/place/Golden+Lotus/),"https://maps.apple.com/?address=631%20Larkin%20St,%20San%20Francisco,%20CA%2094109)",Accessible via MUNI lines; located in the Tenderloin district,Consistently positive reviews; featured in local dining guides
Happy Donuts,4,No,37.751,-122.4295,8,No,(415) 285-5890,[Available on Yelp](https://www.yelp.com/biz_photos/happy-donuts-san-francisco-18),"Custard-Filled Maple Bar, Apple Fritter, Chocolate Glazed Donut",317,20,Open 24 hours daily,$10-20,No,(https://www.yelp.com/biz/happy-donuts-san-francisco-18); [Menu](https://happy-donuts.res-menu.com/menu),"3801 24th St, San Francisco, CA 94114","Donuts, Breakfast Sandwiches",No,NaN,"Casual, Takeout",American,Established as a classic neighborhood donut shop; known for traditional flavors and reasonable prices,15,Yes,20,Street parking,No,https://www.google.com/maps/place/Happy+Donuts/),"https://maps.apple.com/?address=3801%2024th%20St,%20San%20Francisco,%20CA%2094114)",Accessible via MUNI lines; located in Noe Valley,Popular among locals; consistently positive reviews
Hing Wang Bakery,3.5,No,37.7625,-122.465,9,No,(415) 681-3928,[Available on Yelp](https://www.yelp.com/biz_photos/hing-wang-bakery-san-francisco),"Pork Buns (Steamed & Baked), Chow Mein, Egg Tarts",120,20,Mon-Sun: 7:00 AM – 6:30 PM,$10-20,No,(https://www.yelp.com/biz/hing-wang-bakery-san-francisco); [Menu](https://hingwangbakerysanfrancisco.cafecityguide.website/),"339 Judah St, San Francisco, CA 94122","Chinese (Dim Sum, Bakery)",No,NaN,"Casual, Takeout",Cantonese,Known for traditional dim sum offerings and baked goods; popular among locals for affordable pricing,10,Yes,10,Street parking,No,https://www.google.com/maps/place/Hing+Wang+Bakery/),"https://maps.apple.com/?address=339%20Judah%20St,%20San%20Francisco,%20CA%2094122)",Accessible via MUNI lines; located in the Inner Sunset district,Consistently positive reviews; cherished by the local community
Jade Garden,4,No,37.7768,-122.4967,8,No,(415) 221-8168,NaN,"Dim Sum, Peking Duck, Pork Buns",512,60,Mon-Sun: 7:00 AM – 6:30 PM,$10-20,No,NaN,"3608 Balboa St, San Francisco, CA 94121","Chinese (Cantonese, Dim Sum)",No,NaN,"Casual, Family-Friendly",Cantonese,"Previously known for traditional dim sum and Cantonese cuisine, popular among locals",50,Yes,20,Street parking,No,https://www.google.com/maps/place/Jade+Garden/,"https://maps.apple.com/?address=3608%20Balboa%20St,%20San%20Francisco,%20CA%2094121",Accessible via MUNI lines; located in the Outer Richmond district,Popular among locals and tourists; consistently positive reviews
King of Noodles,3.8,Yes,37.7631,-122.4742,8,No,(415) 566-8318,[Available on Yelp](https://www.yelp.com/biz_photos/king-of-noodles-san-francisco-3),"Beef Noodle Soup, Shanghai Soup Dumplings, XO Beef Chow Fun",900,50,Mon-Sun: 11:00 AM – 9:00 PM,$10-20,Yes,(https://king-of-noodles.restaurants-world.com/); [Yelp](https://www.yelp.com/biz/king-of-noodles-san-francisco-3); [Grubhub](https://www.grubhub.com/restaurant/king-of-noodles-irving-st-1639-irving-st-san-francisco/2994721),"1639 Irving St, San Francisco, CA 94122","Chinese (Hand-Pulled Noodles, Dumplings)",No,NaN,"Casual, Family-Friendly","Chinese (Hand-Pulled Noodles, Dumplings)",Known for hand-pulled noodles and traditional Chinese dishes; popular among locals and tourists alike,30,Yes,5,Street parking,No,https://www.google.com/maps/place/King+of+Noodles/),"https://maps.apple.com/?address=1639%20Irving%20St,%20San%20Francisco,%20CA%2094122)",Accessible via MUNI lines; located in the Inner Sunset district,Consistently positive reviews; featured in local dining guides
Little Garden,4,No,37.7986,-122.4093,8,No,(415) 399-0368,NaN,"Dim Sum, Baked Pork Buns, Congee",512,40,Mon-Sun: 7:00 AM – 6:30 PM,$10-20,No,NaN,"750 Vallejo St, San Francisco, CA 94133","Chinese (Cantonese, Dim Sum)",No,NaN,"Casual, Family-Friendly",Cantonese,"Previously known for affordable dim sum and traditional Chinese breakfast dishes, located in Chinatown",30,Yes,15,Street parking,No,https://www.google.com/maps/place/Little+Garden/,"https://maps.apple.com/?address=750%20Vallejo%20St,%20San%20Francisco,%20CA%2094133",Accessible via MUNI lines; located in Chinatown,Popular among locals and tourists; consistently positive reviews
Sichuan Tasty Restaurant,4,Yes,37.7831,-122.4786,8,No,(415) 702-6096,[Available on Yelp](https://www.yelp.com/biz_photos/sichuan-tasty-restaurant-san-francisco-5),"Sichuan Style Roast Whole Fish, House Special Fish Fillets with Green Pepper, Steamed Pork Belly with Preserved Vegetables",200,100,"Mon-Sun: 11:00 AM – 3:00 PM, 4:00 PM – 9:00 PM",$15-30,Yes,(https://www.yelp.com/biz/sichuan-tasty-restaurant-san-francisco-5); [Grubhub](https://www.grubhub.com/restaurant/-sichuan-tasty-restaurant-1829-clement-st-san-francisco/2446974); [Seamless](https://www.seamless.com/menu/-sichuan-tasty-restaurant-1829-clement-st-san-francisco/2446974),"1829 Clement St, San Francisco, CA 94121",Chinese (Sichuan),No,NaN,"Casual, Family-Friendly",Sichuan,Known for authentic and flavorful Sichuan cuisine; popular among locals and tourists alike,50,Yes,15,Street parking,No,https://www.google.com/maps/place/Sichuan+Tasty+Restaurant/),"https://maps.apple.com/?address=1829%20Clement%20St,%20San%20Francisco,%20CA%2094121)",Accessible via MUNI lines; located in the Outer Richmond district,Consistently positive reviews; featured in local dining guides
New Ming's Restaurant,3.5,Yes,37.7877,-122.4011,8,No,(415) 227-4798,[Available on Yelp](https://www.yelp.com/biz_photos/new-mings-restaurant-san-francisco),"Malay Curry Noodles, Spicy Korean-Style Fried Chicken Wings, Kung Pao Prawns",461,100,Mon-Fri: 10:00 AM – 7:00 PM; Sat-Sun: Closed,$10-20,Yes,https://ordernewmings.com); [Yelp](https://www.yelp.com/biz/new-mings-restaurant-san-francisco); [DoorDash](https://www.doordash.com/store/new-ming%E2%80%99s-restaurant-san-francisco-297004/),"641 Mission St, San Francisco, CA 94105",Chinese (Cantonese),No,NaN,"Casual, Family-Friendly",Cantonese,Known for traditional Cantonese dishes with a modern twist; popular among locals and tourists alike,50,Yes,20,Street parking,No,https://www.google.com/maps/place/New+Ming's+Restaurant/),"https://maps.apple.com/?address=641%20Mission%20St,%20San%20Francisco,%20CA%2094105)",Accessible via MUNI and BART lines; located in the SOMA district,Consistently positive reviews; featured in local dining guides
Hong Kong Clay Pot Restaurant,3.5,Yes,37.7952,-122.4078,8,No,(415) 989-2638,[Available on Yelp](https://www.yelp.com/biz_photos/hong-kong-clay-pot-restaurant-san-francisco),"Curry Chicken Clay Pot, Honey Walnut Prawns, Salt and Pepper Pork Chop",200,100,"Mon-Tue, Thu-Sun: 11:30 AM – 3:00 PM, 5:00 PM – 9:00 PM; Wed: Closed",$15-25,Yes,https://hongkongclaypottogo.com/(https://www.yelp.com/biz/hong-kong-clay-pot-restaurant-san-francisco); [MenuPages](https://menupages.com/hong-kong-clay-pot-restaurant/960-grant-ave-ste-f2-san-francisco),"960 Grant Ave, San Francisco, CA 94108",Chinese (Cantonese),No,NaN,"Casual, Family-Friendly",Cantonese,Known for authentic Cantonese cuisine with a focus on clay pot dishes; popular among locals and tourists alike,50,Yes,5,Street parking,No,https://www.google.com/maps/place/Hong+Kong+Clay+Pot+Restaurant/),"https://maps.apple.com/?address=960%20Grant%20Ave,%20San%20Francisco,%20CA%2094108)",Accessible via MUNI lines; located in Chinatown,Consistently positive reviews; featured in local dining guides
Peking Wok Restaurant,3.5,Yes,37.7351,-122.3907,8,Yes,(415) 822-1818,[Available on Yelp](https://www.yelp.com/biz_photos/peking-wok-restaurant-san-francisco),"General Tso's Chicken, Mongolian Beef, Hot and Sour Soup",20,50,Mon-Sat: 11:00 AM – 9:00 PM; Sun: Closed,$10-20,No,(https://www.yelp.com/biz/peking-wok-restaurant-san-francisco); [Grubhub](https://www.grubhub.com/restaurant/peking-wok-restaurant-4920-3rd-st-san-francisco/8511672),"4920 3rd St, San Francisco, CA 94124",Chinese (Cantonese),No,NaN,"Casual, Takeout",Cantonese,Known for traditional Cantonese dishes; popular among locals for affordable pricing,20,Yes,10,Street parking,No,https://www.google.com/maps/place/Peking+Wok+Restaurant/),"https://maps.apple.com/?address=4920%203rd%20St,%20San%20Francisco,%20CA%2094124)",Accessible via MUNI lines; located in the Bayview-Hunters Point district,Consistently positive reviews; cherished by the local community
Quickly,3,Yes,37.7635,-122.4791,8,No,(415) 665-1000,[Available on Yelp](https://www.yelp.com/biz_photos/quickly-san-francisco-4),"Taro Milk Tea, Popcorn Chicken, Boba Milk Tea",454,50,Mon-Sun: 11:00 AM – 10:00 PM,$10-20,Yes,(https://www.quicklyusa.com/sfirving.html); [Yelp](https://www.yelp.com/biz/quickly-san-francisco-4); [Grubhub](https://www.grubhub.com/restaurant/quickly-2116-irving-st-san-francisco/350493),"2116 Irving St, San Francisco, CA 94122","Taiwanese (Bubble Tea, Snacks)",Yes,NaN,"Casual, Takeout",Taiwanese,Part of a global chain known for bubble tea and Taiwanese snacks; popular among locals and students,20,Yes,5,Street parking,No,https://www.google.com/maps/place/Quickly/),"https://maps.apple.com/?address=2116%20Irving%20St,%20San%20Francisco,%20CA%2094122)",Accessible via MUNI lines; located in the Outer Sunset district,Consistent local patronage; modest reviews
Shanghai House,4,No,37.7753,-122.5008,7,Yes,(415) 831-9288,[Available on Yelp](https://www.yelp.com/biz_photos/shanghai-house-san-francisco),"Xiao Long Bao (Soup Dumplings), Green Onion Pancakes, Dry Fried Chicken Wings",500,80,"Mon, Wed-Fri: 11:30 AM – 2:30 PM, 5:00 PM – 8:30 PM; Sat-Sun: 10:30 AM – 3:30 PM; Tue: Closed",$10-20,No,https://www.yelp.com/biz/shanghai-house-san-francisco); [Menu](https://shanghai-house.cafes-world.com/),"3641 Balboa St, San Francisco, CA 94121",Chinese (Shanghainese),No,NaN,"Casual, Family-Friendly",Shanghainese,Known for authentic Shanghainese cuisine; popular among locals and tourists alike,40,Yes,10,Street parking,No,https://www.google.com/maps/place/Shanghai+House/),"https://maps.apple.com/?address=3641%20Balboa%20St,%20San%20Francisco,%20CA%2094121)",Accessible via MUNI lines; located in the Outer Richmond district,Consistently positive reviews; featured in local dining guides
Sun Kau Shing Company,3.5,No,37.792,-122.407,8,No,(415) 391-2051,https://www.yelp.com/biz_photos/sun-kau-shing-company-san-francisco,"Steamed Pork Buns, Shrimp Dumplings, Siu Mai",150,50,Mon-Sun: 10:00 AM – 8:00 PM,$10-20,No,NaN,"650 Kearny St, San Francisco, CA 94108","Chinese (Dim Sum, Cantonese)",No,NaN,"Casual, Family-Friendly",Cantonese,Established for decades; known for traditional dim sum and baked goods,40,Yes,15,Street parking,No,https://www.google.com/maps/place/Sun+Kau+Shing+Company/,"https://maps.apple.com/?address=650%20Kearny%20St,%20San%20Francisco,%20CA%2094108",Accessible via MUNI lines; located in Chinatown,Popular among locals; consistently positive reviews
Hunan Taste Restaurant,4,Yes,37.3382,-121.8863,9,No,(408) 295-1186,https://www.yelp.com/biz_photos/hunan-taste-restaurant-san-jose,"General Tso's Chicken, Spicy Tofu, Beef Noodle Soup",120,80,11:00-21:00,$10-20,Yes,NaN,"140 W Santa Clara St, San Jose, CA 95113",Chinese (Hunan),No,NaN,"Casual, Family-Friendly",Hunan,Known for authentic Hunan dishes; popular for spicy flavors,40,Yes,15,Street parking,No,https://www.google.com/maps/place/Hunan+Taste+Restaurant/,"https://maps.apple.com/?address=140%20W%20Santa%20Clara%20St,%20San%20Jose,%20CA%2095113",Accessible via VTA Light Rail and bus,Popular among locals; positive reviews
Wok and Go,3.5,Yes,37.783,-122.41,8,No,(415) 989-3797,https://www.yelp.com/biz_photos/wok-and-go-san-francisco,"Fried Rice, Chow Mein, Sweet and Sour Chicken",150,50,Mon-Sun: 10:00 AM – 9:00 PM,$10-20,Yes,NaN,"1234 Market St, San Francisco, CA 94103",Chinese (Fast Food),No,NaN,"Casual, Takeout",Chinese,Known for quick service and affordable Chinese fast food,20,Yes,15,Street parking,No,https://www.google.com/maps/place/Wok+and+Go/,"https://maps.apple.com/?address=1234%20Market%20St,%20San%20Francisco,%20CA%2094103",Accessible via MUNI lines; located in downtown,Popular among locals; consistently positive reviews
Yummy Dim Sum,4,Yes,37.7932,-122.407,9,No, (415) 308-3819,https://www.yelp.com/biz_photos/yummy-dim-sum-san-francisco-2,"Shrimp Dumplings, Pork Siu Mai, Egg Custard Tarts",200,50,Mon-Sun: 07:00-20:30,$10-20,Yes,NaN,"560 Grant Ave, San Francisco, CA 94108",Chinese (Dim Sum),No,NaN,"Casual, Family-Friendly",Cantonese,Known for traditional dim sum offerings; popular among locals and tourists,40,Yes,15,Street parking,No,https://www.google.com/maps/place/Yummy+Dim+Sum/,"https://maps.apple.com/?address=560%20Grant%20Ave,%20San%20Francisco,%20CA%2094108",Accessible via MUNI lines; located in Chinatown,Consistently positive reviews; popular among locals and tourists
Zhong Shan Hakka Restaurant,4,Yes,37.7925,-122.406,9,No,(415) 592-8938,https://www.yelp.com/biz_photos/zhong-shan-hakka-restaurant-san-francisco,"Hakka Steamed Fish, Salt-baked Chicken, Braised Pork Belly",100,70,Mon-Sun: 11:00-21:00,$15-25,Yes,NaN,"500 Kearny St, San Francisco, CA 94108",Chinese (Hakka),No,NaN,"Casual, Family-Friendly",Hakka,Established in 1990; known for traditional Hakka dishes,40,Yes,15,Street parking,No,https://www.google.com/maps/place/Zhong+Shan+Hakka+Restaurant/,"https://maps.apple.com/?address=500%20Kearny%20St,%20San%20Francisco,%20CA%2094108",Accessible via MUNI lines; located in Chinatown,Popular among locals; consistently positive reviews
Aroma Tea Shop,4,Yes,37.794,-122.407,8,No,(415) 668-3788,https://www.yelp.com/biz_photos/aroma-tea-shop-san-francisco,"Bubble Tea, Milk Tea, Fruit Tea",150,50,Mon-Sun: 10:00-20:00,$3-8,Yes,NaN,"600 Kearny St, San Francisco, CA 94108","Tea Shop, Chinese",No,NaN,"Casual, Takeout",Chinese,Known for authentic tea blends and bubble tea,20,Yes,10,Street parking,No,https://www.google.com/maps/place/Aroma+Tea+Shop/,"https://maps.apple.com/?address=600%20Kearny%20St,%20San%20Francisco,%20CA%2094108",Accessible via MUNI lines; located in Chinatown,Popular among locals; consistently positive reviews
Good Luck Cafe 621,4,Yes,37.7935,-122.407,8,No,(415) 781-2328,https://www.goodluckcafe621.com/images,"Egg Custard Tarts, BBQ Pork Buns, Milk Tea",200,40,8:00-20:00,$10-20,Yes,https://www.goodluckcafe621.com/,"621 Kearny St, San Francisco, CA 94108","Chinese (Cafe, Dim Sum)",No,NaN,"Casual, Family-Friendly",Cantonese,Established recently; modern twist on traditional Chinese cafe dishes,30,Yes,15,Street parking,No,"https://www.google.com/maps/place/621+Kearny+St,+San+Francisco,+CA+94108","https://maps.apple.com/?address=621%20Kearny%20St,%20San%20Francisco,%20CA%2094108",Accessible via MUNI lines; located in Chinatown,Popular among locals; consistently positive reviews
Venus Cafe SF,4,Yes,37.785,-122.406,7,No,(415)-555-1234,https://venuscafesf.com/images,"Artisan Sandwiches, Avocado Toast, Specialty Coffee",200,80,Mon-Sun: 8:00 AM – 6:00 PM,$5-15,Yes,https://venuscafesf.com/,"123 Market St, San Francisco, CA 94105","Cafe, American, Coffee",No,NaN,"Casual, Cafe",American,A modern cafe offering specialty coffee and artisan sandwiches; popular among locals,30,Yes,10,Street parking,Yes,https://www.google.com/maps/place/Venus+Cafe+SF/,"https://maps.apple.com/?address=123%20Market%20St,%20San%20Francisco,%20CA%2094105",Accessible via MUNI lines; located in downtown,Popular among locals; consistently positive reviews
Lucky Star,4,No,37.7963,-122.4078,8,No,(415) 398-1298,https://www.yelp.com/biz_photos/lucky-star-san-francisco,"Roast Duck, BBQ Pork, Wonton Soup",50,30,Mon–Sun: 10:00 AM – 8:00 PM,$,No,NaN,"720 Pacific Ave, San Francisco, CA 94133","Chinese, Cantonese, BBQ",No,NaN,Casual Dining,Cantonese,Known for its authentic Cantonese BBQ dishes and traditional Chinese cuisine; a staple in San Francisco's Chinatown,40,Yes,20,Street parking available; limited spaces,No,https://www.google.com/maps/place/Lucky+Star/,https://maps.apple.com/?q=Lucky+Star,Accessible via MUNI lines; located in Chinatown,Popular among locals and tourists; steady traffic
,,,,,,,,,,512.745614,,,,,,,,,,,,,,,,,,,,,